frame1.jpg,3
frame2.jpg,3
frame3.jpg,3
frame5.jpg,3
frame6.jpg,3
frame7.jpg,3
frame9.jpg,3
frame10.jpg,3
frame11.jpg,3
frame13.jpg,3
frame14.jpg,3
frame15.jpg,3
frame17.jpg,3
frame18.jpg,3
frame19.jpg,3
frame21.jpg,3
frame22.jpg,3
frame23.jpg,3
frame25.jpg,3
frame26.jpg,3
frame27.jpg,3
frame29.jpg,3
frame30.jpg,3
frame31.jpg,3
frame33.jpg,3
frame34.jpg,3
frame35.jpg,3
frame37.jpg,3
frame38.jpg,3
frame39.jpg,3
frame41.jpg,3
frame42.jpg,3
frame43.jpg,3
frame45.jpg,3
frame46.jpg,3
frame47.jpg,3
frame49.jpg,3
frame50.jpg,3
frame51.jpg,3
frame53.jpg,3
frame54.jpg,3
frame55.jpg,3
frame57.jpg,3
frame58.jpg,3
frame59.jpg,3
frame61.jpg,3
frame62.jpg,3
frame63.jpg,3
frame65.jpg,3
frame66.jpg,3
frame67.jpg,3
frame69.jpg,3
frame70.jpg,3
frame71.jpg,3
frame73.jpg,3
frame74.jpg,3
frame75.jpg,3
frame77.jpg,3
frame78.jpg,3
frame79.jpg,3
frame81.jpg,3
frame82.jpg,3
frame83.jpg,3
frame85.jpg,3
frame86.jpg,3
frame87.jpg,3
frame89.jpg,3
frame90.jpg,3
frame91.jpg,3
frame93.jpg,3
frame94.jpg,3
frame95.jpg,3
frame97.jpg,3
frame98.jpg,3
frame99.jpg,3
frame101.jpg,3
frame102.jpg,3
frame103.jpg,3
frame105.jpg,3
frame106.jpg,3
frame107.jpg,3
frame109.jpg,3
frame110.jpg,3
frame111.jpg,3
frame113.jpg,3
frame114.jpg,3
frame115.jpg,3
frame117.jpg,3
frame118.jpg,3
frame119.jpg,3
frame121.jpg,3
frame122.jpg,3
frame123.jpg,3
frame125.jpg,3
frame126.jpg,3
frame127.jpg,3
frame129.jpg,3
frame130.jpg,3
frame131.jpg,3
frame133.jpg,3
frame134.jpg,3
frame135.jpg,3
frame137.jpg,3
frame138.jpg,3
frame139.jpg,3
frame141.jpg,3
frame142.jpg,3
frame143.jpg,3
frame145.jpg,3
frame146.jpg,3
frame147.jpg,3
frame149.jpg,3
frame150.jpg,3
frame151.jpg,3
frame153.jpg,3
frame154.jpg,3
frame155.jpg,3
frame157.jpg,3
frame158.jpg,3
frame159.jpg,3
frame161.jpg,3
frame162.jpg,3
frame163.jpg,4
frame165.jpg,3
frame166.jpg,3
frame167.jpg,3
frame169.jpg,3
frame170.jpg,3
frame171.jpg,3
frame173.jpg,3
frame174.jpg,5
frame175.jpg,4
frame177.jpg,3
frame178.jpg,3
frame179.jpg,3
frame181.jpg,3
frame182.jpg,5
frame183.jpg,5
frame185.jpg,4
frame186.jpg,3
frame187.jpg,3
frame189.jpg,3
frame190.jpg,3
frame191.jpg,3
frame193.jpg,3
frame194.jpg,3
frame195.jpg,3
frame197.jpg,3
frame198.jpg,3
frame199.jpg,3
frame201.jpg,3
frame202.jpg,3
frame203.jpg,3
frame205.jpg,3
frame206.jpg,3
frame207.jpg,3
frame209.jpg,3
frame210.jpg,3
frame211.jpg,3
frame213.jpg,3
frame214.jpg,3
frame215.jpg,3
frame217.jpg,4
frame218.jpg,5
frame219.jpg,4
frame221.jpg,3
frame222.jpg,3
frame223.jpg,3
frame225.jpg,5
frame226.jpg,4
frame227.jpg,3
frame229.jpg,3
frame230.jpg,4
frame231.jpg,5
frame233.jpg,3
frame234.jpg,3
frame235.jpg,3
frame237.jpg,3
frame238.jpg,3
frame239.jpg,3
frame241.jpg,3
frame242.jpg,3
frame243.jpg,3
frame245.jpg,3
frame246.jpg,3
frame247.jpg,3
frame249.jpg,3
frame250.jpg,3
frame251.jpg,3
frame253.jpg,5
frame254.jpg,4
frame255.jpg,3
frame257.jpg,3
frame258.jpg,3
frame259.jpg,3
frame261.jpg,3
frame262.jpg,3
frame263.jpg,3
frame265.jpg,6
frame266.jpg,5
frame267.jpg,5
frame269.jpg,3
frame270.jpg,3
frame271.jpg,3
frame273.jpg,3
frame274.jpg,3
frame275.jpg,3
frame277.jpg,3
frame278.jpg,3
frame279.jpg,3
frame281.jpg,5
frame282.jpg,6
frame283.jpg,5
frame285.jpg,3
frame286.jpg,3
frame287.jpg,3
frame289.jpg,3
frame290.jpg,3
frame291.jpg,3
frame293.jpg,3
frame294.jpg,3
frame295.jpg,3
frame297.jpg,5
frame298.jpg,5
frame299.jpg,4
frame301.jpg,3
frame302.jpg,3
frame303.jpg,3
frame305.jpg,3
frame306.jpg,3
frame307.jpg,3
frame309.jpg,3
frame310.jpg,4
frame311.jpg,5
frame313.jpg,5
frame314.jpg,4
frame315.jpg,3
frame317.jpg,3
frame318.jpg,3
frame319.jpg,3
frame321.jpg,3
frame322.jpg,3
frame323.jpg,3
frame325.jpg,3
frame326.jpg,3
frame327.jpg,3
frame329.jpg,3
frame330.jpg,3
frame331.jpg,3
frame333.jpg,3
frame334.jpg,3
frame335.jpg,3
frame337.jpg,5
frame338.jpg,5
frame339.jpg,6
frame341.jpg,5
frame342.jpg,5
frame343.jpg,4
frame345.jpg,3
frame346.jpg,3
frame347.jpg,3
frame349.jpg,4
frame350.jpg,5
frame351.jpg,5
frame353.jpg,5
frame354.jpg,4
frame355.jpg,3
frame357.jpg,3
frame358.jpg,3
frame359.jpg,3
frame361.jpg,3
frame362.jpg,3
frame363.jpg,3
frame365.jpg,3
frame366.jpg,3
frame367.jpg,3
frame369.jpg,5
frame370.jpg,5
frame371.jpg,5
frame373.jpg,3
frame374.jpg,3
frame375.jpg,3
frame377.jpg,3
frame378.jpg,3
frame379.jpg,3
frame381.jpg,3
frame382.jpg,3
frame383.jpg,3
frame385.jpg,3
frame386.jpg,3
frame387.jpg,3
frame389.jpg,3
frame390.jpg,3
frame391.jpg,3
frame393.jpg,3
frame394.jpg,3
frame395.jpg,3
frame397.jpg,3
frame398.jpg,3
frame399.jpg,3
frame401.jpg,3
frame402.jpg,3
frame403.jpg,3
frame405.jpg,3
frame406.jpg,3
frame407.jpg,3
frame409.jpg,2
frame410.jpg,3
frame411.jpg,3
frame413.jpg,3
frame414.jpg,3
frame415.jpg,3
frame417.jpg,3
frame418.jpg,2
frame419.jpg,1
frame421.jpg,3
frame422.jpg,3
frame423.jpg,3
frame425.jpg,3
frame426.jpg,3
frame427.jpg,3
frame429.jpg,3
frame430.jpg,1
frame431.jpg,1
frame433.jpg,3
frame434.jpg,3
frame435.jpg,3
frame437.jpg,3
frame438.jpg,3
frame439.jpg,3
frame441.jpg,2
frame442.jpg,1
frame443.jpg,1
frame445.jpg,2
frame446.jpg,3
frame447.jpg,3
frame449.jpg,3
frame450.jpg,3
frame451.jpg,3
frame453.jpg,3
frame454.jpg,2
frame455.jpg,1
frame457.jpg,2
frame458.jpg,3
frame459.jpg,3
frame461.jpg,3
frame462.jpg,3
frame463.jpg,3
frame465.jpg,3
frame466.jpg,3
frame467.jpg,3
frame469.jpg,3
frame470.jpg,3
frame471.jpg,3
frame473.jpg,1
frame474.jpg,2
frame475.jpg,3
frame477.jpg,3
frame478.jpg,3
frame479.jpg,3
frame481.jpg,3
frame482.jpg,3
frame483.jpg,3
frame485.jpg,3
frame486.jpg,3
frame487.jpg,3
frame489.jpg,3
frame490.jpg,3
frame491.jpg,3
frame493.jpg,3
frame494.jpg,3
frame495.jpg,3
frame497.jpg,3
frame498.jpg,3
frame499.jpg,1
frame501.jpg,1
frame502.jpg,2
frame503.jpg,2
frame505.jpg,3
frame506.jpg,3
frame507.jpg,3
frame509.jpg,3
frame510.jpg,3
frame511.jpg,3
frame513.jpg,3
frame514.jpg,3
frame515.jpg,2
frame517.jpg,1
frame518.jpg,2
frame519.jpg,3
frame521.jpg,3
frame522.jpg,3
frame523.jpg,3
frame525.jpg,3
frame526.jpg,3
frame527.jpg,3
frame529.jpg,1
frame530.jpg,2
frame531.jpg,2
frame533.jpg,3
frame534.jpg,3
frame535.jpg,3
frame537.jpg,3
frame538.jpg,3
frame539.jpg,3
frame541.jpg,2
frame542.jpg,1
frame543.jpg,1
frame545.jpg,3
frame546.jpg,3
frame547.jpg,3
frame549.jpg,3
frame550.jpg,3
frame551.jpg,3
frame553.jpg,2
frame554.jpg,1
frame555.jpg,3
frame557.jpg,3
frame558.jpg,3
frame559.jpg,3
frame561.jpg,3
frame562.jpg,2
frame563.jpg,1
frame565.jpg,1
frame566.jpg,1
frame567.jpg,1
frame569.jpg,3
frame570.jpg,3
frame571.jpg,2
frame573.jpg,2
frame574.jpg,3
frame575.jpg,3
frame577.jpg,3
frame578.jpg,3
frame579.jpg,1
frame581.jpg,1
frame582.jpg,3
frame583.jpg,3
frame585.jpg,3
frame586.jpg,3
frame587.jpg,3
frame589.jpg,1
frame590.jpg,1
frame591.jpg,1
frame593.jpg,2
frame594.jpg,3
frame595.jpg,3
frame597.jpg,3
frame598.jpg,3
frame599.jpg,3
frame601.jpg,1
frame602.jpg,1
frame603.jpg,3
frame605.jpg,3
frame606.jpg,3
frame607.jpg,3
frame609.jpg,2
frame610.jpg,1
frame611.jpg,1
frame613.jpg,3
frame614.jpg,3
frame615.jpg,3
frame617.jpg,3
frame618.jpg,3
frame619.jpg,3
frame621.jpg,2
frame622.jpg,1
frame623.jpg,1
frame625.jpg,2
frame626.jpg,3
frame627.jpg,3
frame629.jpg,3
frame630.jpg,3
frame631.jpg,3
frame633.jpg,3
frame634.jpg,3
frame635.jpg,3
frame637.jpg,3
frame638.jpg,3
frame639.jpg,3
frame641.jpg,3
frame642.jpg,3
frame643.jpg,3
frame645.jpg,6
frame646.jpg,5
frame647.jpg,5
frame649.jpg,3
frame650.jpg,3
frame651.jpg,4
frame653.jpg,3
frame654.jpg,3
frame655.jpg,3
frame657.jpg,5
frame658.jpg,5
frame659.jpg,6
frame661.jpg,3
frame662.jpg,3
frame663.jpg,3
frame665.jpg,3
frame666.jpg,3
frame667.jpg,5
frame669.jpg,6
frame670.jpg,6
frame671.jpg,5
frame673.jpg,3
frame674.jpg,3
frame675.jpg,3
frame677.jpg,5
frame678.jpg,6
frame679.jpg,5
frame681.jpg,3
frame682.jpg,3
frame683.jpg,3
frame685.jpg,3
frame686.jpg,3
frame687.jpg,5
frame689.jpg,4
frame690.jpg,3
frame691.jpg,3
frame693.jpg,3
frame694.jpg,3
frame695.jpg,3
frame697.jpg,5
frame698.jpg,5
frame699.jpg,5
frame701.jpg,4
frame702.jpg,3
frame703.jpg,3
frame705.jpg,3
frame706.jpg,3
frame707.jpg,3
frame709.jpg,5
frame710.jpg,5
frame711.jpg,5
frame713.jpg,3
frame714.jpg,3
frame715.jpg,3
frame717.jpg,4
frame718.jpg,3
frame719.jpg,3
frame721.jpg,3
frame722.jpg,3
frame723.jpg,3
frame725.jpg,5
frame726.jpg,4
frame727.jpg,3
frame729.jpg,3
frame730.jpg,3
frame731.jpg,3
frame733.jpg,3
frame734.jpg,3
frame735.jpg,3
frame737.jpg,3
frame738.jpg,3
frame739.jpg,3
frame741.jpg,3
frame742.jpg,3
frame743.jpg,5
frame745.jpg,5
frame746.jpg,4
frame747.jpg,4
frame749.jpg,3
frame750.jpg,3
frame751.jpg,3
frame753.jpg,1
frame754.jpg,1
frame755.jpg,2
frame757.jpg,3
frame758.jpg,3
frame759.jpg,3
frame761.jpg,3
frame762.jpg,3
frame763.jpg,1
frame765.jpg,0
frame766.jpg,1
frame767.jpg,2
frame769.jpg,3
frame770.jpg,3
frame771.jpg,3
frame773.jpg,3
frame774.jpg,3
frame775.jpg,3
frame777.jpg,3
frame778.jpg,3
frame779.jpg,2
frame781.jpg,1
frame782.jpg,3
frame783.jpg,3
frame785.jpg,1
frame786.jpg,1
frame787.jpg,1
frame789.jpg,3
frame790.jpg,3
frame791.jpg,3
frame793.jpg,3
frame794.jpg,1
frame795.jpg,0
frame797.jpg,1
frame798.jpg,1
frame799.jpg,1
frame801.jpg,1
frame802.jpg,0
frame803.jpg,0
frame805.jpg,2
frame806.jpg,3
frame807.jpg,3
frame809.jpg,3
frame810.jpg,3
frame811.jpg,3
frame813.jpg,3
frame814.jpg,3
frame815.jpg,3
frame817.jpg,1
frame818.jpg,1
frame819.jpg,1
frame821.jpg,3
frame822.jpg,3
frame823.jpg,3
frame825.jpg,1
frame826.jpg,1
frame827.jpg,2
frame829.jpg,3
frame830.jpg,3
frame831.jpg,3
frame833.jpg,3
frame834.jpg,3
frame835.jpg,3
frame837.jpg,1
frame838.jpg,1
frame839.jpg,2
frame841.jpg,3
frame842.jpg,3
frame843.jpg,3
frame845.jpg,3
frame846.jpg,3
frame847.jpg,3
frame849.jpg,3
frame850.jpg,3
frame851.jpg,3
frame853.jpg,3
frame854.jpg,3
frame855.jpg,3
frame857.jpg,3
frame858.jpg,3
frame859.jpg,3
frame861.jpg,3
frame862.jpg,3
frame863.jpg,3
frame865.jpg,3
frame866.jpg,3
frame867.jpg,3
frame869.jpg,3
frame870.jpg,3
frame871.jpg,3
frame873.jpg,3
frame874.jpg,3
frame875.jpg,3
frame877.jpg,3
frame878.jpg,3
frame879.jpg,3
frame881.jpg,3
frame882.jpg,3
frame883.jpg,3
frame885.jpg,3
frame886.jpg,3
frame887.jpg,3
frame889.jpg,3
frame890.jpg,3
frame891.jpg,3
frame893.jpg,3
frame894.jpg,3
frame895.jpg,3
frame897.jpg,3
frame898.jpg,3
frame899.jpg,3
frame901.jpg,3
frame902.jpg,3
frame903.jpg,3
frame905.jpg,3
frame906.jpg,3
frame907.jpg,3
frame909.jpg,3
frame910.jpg,3
frame911.jpg,3
frame913.jpg,3
frame914.jpg,3
frame915.jpg,3
frame917.jpg,3
frame918.jpg,3
frame919.jpg,3
frame921.jpg,3
frame922.jpg,3
frame923.jpg,3
frame925.jpg,3
frame926.jpg,3
frame927.jpg,3
frame929.jpg,3
frame930.jpg,3
frame931.jpg,3
frame933.jpg,3
frame934.jpg,3
frame935.jpg,3
frame937.jpg,3
frame938.jpg,3
frame939.jpg,3
frame941.jpg,3
frame942.jpg,3
frame943.jpg,3
frame945.jpg,3
frame946.jpg,3
frame947.jpg,3
frame949.jpg,3
frame950.jpg,3
frame951.jpg,3
frame953.jpg,3
frame954.jpg,3
frame955.jpg,3
frame957.jpg,3
frame958.jpg,3
frame959.jpg,3
frame961.jpg,3
frame962.jpg,3
frame963.jpg,3
frame965.jpg,3
frame966.jpg,3
frame967.jpg,3
frame969.jpg,3
frame970.jpg,3
frame971.jpg,3
frame973.jpg,3
frame974.jpg,3
frame975.jpg,3
frame977.jpg,3
frame978.jpg,3
frame979.jpg,3
frame981.jpg,3
frame982.jpg,3
frame983.jpg,3
frame985.jpg,3
frame986.jpg,3
frame987.jpg,3
frame989.jpg,3
frame990.jpg,3
frame991.jpg,3
frame993.jpg,3
frame994.jpg,3
frame995.jpg,3
frame997.jpg,3
frame998.jpg,3
frame999.jpg,3
frame1001.jpg,3
frame1002.jpg,3
frame1003.jpg,3
frame1005.jpg,3
frame1006.jpg,3
frame1007.jpg,3
frame1009.jpg,3
frame1010.jpg,3
frame1011.jpg,3
frame1013.jpg,3
frame1014.jpg,3
frame1015.jpg,3
frame1017.jpg,3
frame1018.jpg,3
frame1019.jpg,3
frame1021.jpg,3
frame1022.jpg,3
frame1023.jpg,3
frame1025.jpg,3
frame1026.jpg,3
frame1027.jpg,3
frame1029.jpg,3
frame1030.jpg,3
frame1031.jpg,3
frame1033.jpg,3
frame1034.jpg,3
frame1035.jpg,3
frame1037.jpg,3
frame1038.jpg,3
frame1039.jpg,3
frame1041.jpg,3
frame1042.jpg,3
frame1043.jpg,3
frame1045.jpg,3
frame1046.jpg,3
frame1047.jpg,3
frame1049.jpg,3
frame1050.jpg,3
frame1051.jpg,3
frame1053.jpg,3
frame1054.jpg,3
frame1055.jpg,3
frame1057.jpg,3
frame1058.jpg,3
frame1059.jpg,3
frame1061.jpg,3
frame1062.jpg,3
frame1063.jpg,3
frame1065.jpg,3
frame1066.jpg,3
frame1067.jpg,3
frame1069.jpg,3
frame1070.jpg,2
frame1071.jpg,1
frame1073.jpg,2
frame1074.jpg,3
frame1075.jpg,3
frame1077.jpg,3
frame1078.jpg,3
frame1079.jpg,1
frame1081.jpg,2
frame1082.jpg,3
frame1083.jpg,3
frame1085.jpg,1
frame1086.jpg,3
frame1087.jpg,3
frame1089.jpg,2
frame1090.jpg,1
frame1091.jpg,3
frame1093.jpg,3
frame1094.jpg,3
frame1095.jpg,3
frame1097.jpg,1
frame1098.jpg,1
frame1099.jpg,2
frame1101.jpg,3
frame1102.jpg,3
frame1103.jpg,1
frame1105.jpg,1
frame1106.jpg,3
frame1107.jpg,3
frame1109.jpg,3
frame1110.jpg,3
frame1111.jpg,3
frame1113.jpg,3
frame1114.jpg,3
frame1115.jpg,3
frame1117.jpg,2
frame1118.jpg,3
frame1119.jpg,3
frame1121.jpg,3
frame1122.jpg,3
frame1123.jpg,3
frame1125.jpg,1
frame1126.jpg,1
frame1127.jpg,2
frame1129.jpg,3
frame1130.jpg,3
frame1131.jpg,3
frame1133.jpg,3
frame1134.jpg,3
frame1135.jpg,3
frame1137.jpg,3
frame1138.jpg,3
frame1139.jpg,3
frame1141.jpg,3
frame1142.jpg,3
frame1143.jpg,3
frame1145.jpg,3
frame1146.jpg,3
frame1147.jpg,3
frame1149.jpg,3
frame1150.jpg,3
frame1151.jpg,3
frame1153.jpg,3
frame1154.jpg,3
frame1155.jpg,3
frame1157.jpg,3
frame1158.jpg,3
frame1159.jpg,3
frame1161.jpg,3
frame1162.jpg,3
frame1163.jpg,3
frame1165.jpg,3
frame1166.jpg,3
frame1167.jpg,3
frame1169.jpg,3
frame1170.jpg,3
frame1171.jpg,3
frame1173.jpg,3
frame1174.jpg,3
frame1175.jpg,3
frame1177.jpg,3
frame1178.jpg,3
frame1179.jpg,3
frame1181.jpg,3
frame1182.jpg,3
frame1183.jpg,3
frame1185.jpg,3
frame1186.jpg,3
frame1187.jpg,3
frame1189.jpg,3
frame1190.jpg,3
frame1191.jpg,3
frame1193.jpg,3
frame1194.jpg,3
frame1195.jpg,3
frame1197.jpg,3
frame1198.jpg,3
frame1199.jpg,3
frame1201.jpg,3
frame1202.jpg,3
frame1203.jpg,3
frame1205.jpg,3
frame1206.jpg,3
frame1207.jpg,3
frame1209.jpg,3
frame1210.jpg,3
frame1211.jpg,3
frame1213.jpg,3
frame1214.jpg,3
frame1215.jpg,3
frame1217.jpg,3
frame1218.jpg,3
frame1219.jpg,3
frame1221.jpg,3
frame1222.jpg,5
frame1223.jpg,5
frame1225.jpg,4
frame1226.jpg,4
frame1227.jpg,3
frame1229.jpg,3
frame1230.jpg,3
frame1231.jpg,3
frame1233.jpg,3
frame1234.jpg,3
frame1235.jpg,3
frame1237.jpg,3
frame1238.jpg,3
frame1239.jpg,3
frame1241.jpg,5
frame1242.jpg,5
frame1243.jpg,3
frame1245.jpg,3
frame1246.jpg,3
frame1247.jpg,3
frame1249.jpg,5
frame1250.jpg,5
frame1251.jpg,5
frame1253.jpg,4
frame1254.jpg,4
frame1255.jpg,3
frame1257.jpg,3
frame1258.jpg,3
frame1259.jpg,3
frame1261.jpg,3
frame1262.jpg,5
frame1263.jpg,5
frame1265.jpg,5
frame1266.jpg,4
frame1267.jpg,3
frame1269.jpg,3
frame1270.jpg,3
frame1271.jpg,3
frame1273.jpg,5
frame1274.jpg,5
frame1275.jpg,4
frame1277.jpg,3
frame1278.jpg,3
frame1279.jpg,3
frame1281.jpg,3
frame1282.jpg,3
frame1283.jpg,4
frame1285.jpg,5
frame1286.jpg,6
frame1287.jpg,6
frame1289.jpg,5
frame1290.jpg,4
frame1291.jpg,4
frame1293.jpg,3
frame1294.jpg,3
frame1295.jpg,4
frame1297.jpg,5
frame1298.jpg,5
frame1299.jpg,5
frame1301.jpg,3
frame1302.jpg,3
frame1303.jpg,3
frame1305.jpg,4
frame1306.jpg,5
frame1307.jpg,6
frame1309.jpg,4
frame1310.jpg,3
frame1311.jpg,3
frame1313.jpg,3
frame1314.jpg,3
frame1315.jpg,5
frame1317.jpg,6
frame1318.jpg,5
frame1319.jpg,4
frame1321.jpg,3
frame1322.jpg,3
frame1323.jpg,3
frame1325.jpg,5
frame1326.jpg,5
frame1327.jpg,6
frame1329.jpg,6
frame1330.jpg,5
frame1331.jpg,5
frame1333.jpg,3
frame1334.jpg,3
frame1335.jpg,3
frame1337.jpg,5
frame1338.jpg,5
frame1339.jpg,3
frame1341.jpg,3
frame1342.jpg,3
frame1343.jpg,3
frame1345.jpg,3
frame1346.jpg,5
frame1347.jpg,5
frame1349.jpg,5
frame1350.jpg,5
frame1351.jpg,4
frame1353.jpg,3
frame1354.jpg,3
frame1355.jpg,3
frame1357.jpg,3
frame1358.jpg,3
frame1359.jpg,4
frame1361.jpg,5
frame1362.jpg,5
frame1363.jpg,4
frame1365.jpg,3
frame1366.jpg,3
frame1367.jpg,3
frame1369.jpg,5
frame1370.jpg,6
frame1371.jpg,5
frame1373.jpg,4
frame1374.jpg,3
frame1375.jpg,3
frame1377.jpg,3
frame1378.jpg,3
frame1379.jpg,3
frame1381.jpg,3
frame1382.jpg,3
frame1383.jpg,3
frame1385.jpg,3
frame1386.jpg,3
frame1387.jpg,5
frame1389.jpg,5
frame1390.jpg,5
frame1391.jpg,4
frame1393.jpg,3
frame1394.jpg,3
frame1395.jpg,3
frame1397.jpg,3
frame1398.jpg,3
frame1399.jpg,3
frame1401.jpg,3
frame1402.jpg,3
frame1403.jpg,3
frame1405.jpg,3
frame1406.jpg,3
frame1407.jpg,3
frame1409.jpg,3
frame1410.jpg,3
frame1411.jpg,3
frame1413.jpg,3
frame1414.jpg,4
frame1415.jpg,5
frame1417.jpg,3
frame1418.jpg,3
frame1419.jpg,3
frame1421.jpg,3
frame1422.jpg,3
frame1423.jpg,3
frame1425.jpg,5
frame1426.jpg,5
frame1427.jpg,5
frame1429.jpg,3
frame1430.jpg,3
frame1431.jpg,3
frame1433.jpg,4
frame1434.jpg,5
frame1435.jpg,5
frame1437.jpg,5
frame1438.jpg,5
frame1439.jpg,4
frame1441.jpg,3
frame1442.jpg,3
frame1443.jpg,3
frame1445.jpg,3
frame1446.jpg,3
frame1447.jpg,3
frame1449.jpg,3
frame1450.jpg,3
frame1451.jpg,2
frame1453.jpg,3
frame1454.jpg,3
frame1455.jpg,3
frame1457.jpg,3
frame1458.jpg,3
frame1459.jpg,3
frame1461.jpg,3
frame1462.jpg,3
frame1463.jpg,3
frame1465.jpg,3
frame1466.jpg,3
frame1467.jpg,3
frame1469.jpg,3
frame1470.jpg,3
frame1471.jpg,3
frame1473.jpg,3
frame1474.jpg,3
frame1475.jpg,3
frame1477.jpg,3
frame1478.jpg,3
frame1479.jpg,3
frame1481.jpg,3
frame1482.jpg,3
frame1483.jpg,3
frame1485.jpg,3
frame1486.jpg,3
frame1487.jpg,3
frame1489.jpg,3
frame1490.jpg,3
frame1491.jpg,3
frame1493.jpg,3
frame1494.jpg,3
frame1495.jpg,3
frame1497.jpg,3
frame1498.jpg,3
frame1499.jpg,3
frame1501.jpg,3
frame1502.jpg,3
frame1503.jpg,3
frame1505.jpg,4
frame1506.jpg,3
frame1507.jpg,3
frame1509.jpg,3
frame1510.jpg,3
frame1511.jpg,4
frame1513.jpg,5
frame1514.jpg,6
frame1515.jpg,6
frame1517.jpg,4
frame1518.jpg,4
frame1519.jpg,3
frame1521.jpg,3
frame1522.jpg,3
frame1523.jpg,3
frame1525.jpg,3
frame1526.jpg,3
frame1527.jpg,3
frame1529.jpg,3
frame1530.jpg,3
frame1531.jpg,3
frame1533.jpg,3
frame1534.jpg,3
frame1535.jpg,3
frame1537.jpg,3
frame1538.jpg,3
frame1539.jpg,3
frame1541.jpg,2
frame1542.jpg,3
frame1543.jpg,3
frame1545.jpg,3
frame1546.jpg,3
frame1547.jpg,3
frame1549.jpg,3
frame1550.jpg,3
frame1551.jpg,3
frame1553.jpg,3
frame1554.jpg,3
frame1555.jpg,2
frame1557.jpg,2
frame1558.jpg,3
frame1559.jpg,3
frame1561.jpg,3
frame1562.jpg,3
frame1563.jpg,3
frame1565.jpg,3
frame1566.jpg,3
frame1567.jpg,3
frame1569.jpg,3
frame1570.jpg,3
frame1571.jpg,3
frame1573.jpg,3
frame1574.jpg,3
frame1575.jpg,3
frame1577.jpg,3
frame1578.jpg,3
frame1579.jpg,3
frame1581.jpg,1
frame1582.jpg,1
frame1583.jpg,1
frame1585.jpg,2
frame1586.jpg,3
frame1587.jpg,3
frame1589.jpg,3
frame1590.jpg,3
frame1591.jpg,3
frame1593.jpg,3
frame1594.jpg,3
frame1595.jpg,3
frame1597.jpg,3
frame1598.jpg,3
frame1599.jpg,3
frame1601.jpg,3
frame1602.jpg,3
frame1603.jpg,3
frame1605.jpg,1
frame1606.jpg,2
frame1607.jpg,3
frame1609.jpg,3
frame1610.jpg,3
frame1611.jpg,2
frame1613.jpg,2
frame1614.jpg,3
frame1615.jpg,3
frame1617.jpg,3
frame1618.jpg,3
frame1619.jpg,3
frame1621.jpg,1
frame1622.jpg,1
frame1623.jpg,1
frame1625.jpg,3
frame1626.jpg,3
frame1627.jpg,3
frame1629.jpg,1
frame1630.jpg,1
frame1631.jpg,1
frame1633.jpg,2
frame1634.jpg,3
frame1635.jpg,3
frame1637.jpg,1
frame1638.jpg,1
frame1639.jpg,1
frame1641.jpg,3
frame1642.jpg,3
frame1643.jpg,3
frame1645.jpg,2
frame1646.jpg,1
frame1647.jpg,1
frame1649.jpg,1
frame1650.jpg,3
frame1651.jpg,3
frame1653.jpg,2
frame1654.jpg,2
frame1655.jpg,3
frame1657.jpg,3
frame1658.jpg,3
frame1659.jpg,3
frame1661.jpg,1
frame1662.jpg,1
frame1663.jpg,2
frame1665.jpg,3
frame1666.jpg,2
frame1667.jpg,1
frame1669.jpg,3
frame1670.jpg,3
frame1671.jpg,3
frame1673.jpg,1
frame1674.jpg,1
frame1675.jpg,2
frame1677.jpg,3
frame1678.jpg,3
frame1679.jpg,3
frame1681.jpg,3
frame1682.jpg,3
frame1683.jpg,3
frame1685.jpg,2
frame1686.jpg,1
frame1687.jpg,1
frame1689.jpg,3
frame1690.jpg,3
frame1691.jpg,3
frame1693.jpg,2
frame1694.jpg,1
frame1695.jpg,1
frame1697.jpg,3
frame1698.jpg,3
frame1699.jpg,3
frame1701.jpg,2
frame1702.jpg,2
frame1703.jpg,3
frame1705.jpg,3
frame1706.jpg,3
frame1707.jpg,3
frame1709.jpg,3
frame1710.jpg,3
frame1711.jpg,3
frame1713.jpg,3
frame1714.jpg,3
frame1715.jpg,3
frame1717.jpg,1
frame1718.jpg,2
frame1719.jpg,3
frame1721.jpg,3
frame1722.jpg,3
frame1723.jpg,3
frame1725.jpg,3
frame1726.jpg,1
frame1727.jpg,2
frame1729.jpg,3
frame1730.jpg,3
frame1731.jpg,3
frame1733.jpg,3
frame1734.jpg,3
frame1735.jpg,3
frame1737.jpg,1
frame1738.jpg,1
frame1739.jpg,3
frame1741.jpg,3
frame1742.jpg,3
frame1743.jpg,3
frame1745.jpg,2
frame1746.jpg,3
frame1747.jpg,3
frame1749.jpg,3
frame1750.jpg,3
frame1751.jpg,3
frame1753.jpg,3
frame1754.jpg,2
frame1755.jpg,1
frame1757.jpg,3
frame1758.jpg,3
frame1759.jpg,3
frame1761.jpg,3
frame1762.jpg,3
frame1763.jpg,3
frame1765.jpg,2
frame1766.jpg,3
frame1767.jpg,3
frame1769.jpg,3
frame1770.jpg,3
frame1771.jpg,3
frame1773.jpg,3
frame1774.jpg,2
frame1775.jpg,1
frame1777.jpg,2
frame1778.jpg,3
frame1779.jpg,3
frame1781.jpg,3
frame1782.jpg,3
frame1783.jpg,3
frame1785.jpg,3
frame1786.jpg,3
frame1787.jpg,3
frame1789.jpg,1
frame1790.jpg,1
frame1791.jpg,1
frame1793.jpg,3
frame1794.jpg,3
frame1795.jpg,3
frame1797.jpg,3
frame1798.jpg,3
frame1799.jpg,3
frame1801.jpg,3
frame1802.jpg,3
frame1803.jpg,3
frame1805.jpg,2
frame1806.jpg,1
frame1807.jpg,2
frame1809.jpg,3
frame1810.jpg,3
frame1811.jpg,3
frame1813.jpg,1
frame1814.jpg,0
frame1815.jpg,1
frame1817.jpg,3
frame1818.jpg,3
frame1819.jpg,3
frame1821.jpg,1
frame1822.jpg,1
frame1823.jpg,1
frame1825.jpg,2
frame1826.jpg,3
frame1827.jpg,2
frame1829.jpg,1
frame1830.jpg,2
frame1831.jpg,3
frame1833.jpg,3
frame1834.jpg,3
frame1835.jpg,2
frame1837.jpg,1
frame1838.jpg,2
frame1839.jpg,3
frame1841.jpg,3
frame1842.jpg,3
frame1843.jpg,3
frame1845.jpg,1
frame1846.jpg,1
frame1847.jpg,2
frame1849.jpg,3
frame1850.jpg,3
frame1851.jpg,3
frame1853.jpg,1
frame1854.jpg,1
frame1855.jpg,1
frame1857.jpg,2
frame1858.jpg,3
frame1859.jpg,3
frame1861.jpg,1
frame1862.jpg,1
frame1863.jpg,2
frame1865.jpg,3
frame1866.jpg,3
frame1867.jpg,3
frame1869.jpg,3
frame1870.jpg,3
frame1871.jpg,3
frame1873.jpg,2
frame1874.jpg,1
frame1875.jpg,2
frame1877.jpg,3
frame1878.jpg,3
frame1879.jpg,3
frame1881.jpg,3
frame1882.jpg,2
frame1883.jpg,2
frame1885.jpg,3
frame1886.jpg,3
frame1887.jpg,3
frame1889.jpg,3
frame1890.jpg,3
frame1891.jpg,1
frame1893.jpg,2
frame1894.jpg,3
frame1895.jpg,3
frame1897.jpg,3
frame1898.jpg,3
frame1899.jpg,2
frame1901.jpg,1
frame1902.jpg,1
frame1903.jpg,1
frame1905.jpg,3
frame1906.jpg,3
frame1907.jpg,3
frame1909.jpg,1
frame1910.jpg,1
frame1911.jpg,1
frame1913.jpg,3
frame1914.jpg,3
frame1915.jpg,3
frame1917.jpg,2
frame1918.jpg,1
frame1919.jpg,2
frame1921.jpg,3
frame1922.jpg,3
frame1923.jpg,3
frame1925.jpg,3
frame1926.jpg,2
frame1927.jpg,1
frame1929.jpg,3
frame1930.jpg,3
frame1931.jpg,3
frame1933.jpg,1
frame1934.jpg,2
frame1935.jpg,3
frame1937.jpg,3
frame1938.jpg,3
frame1939.jpg,3
frame1941.jpg,1
frame1942.jpg,2
frame1943.jpg,3
frame1945.jpg,3
frame1946.jpg,3
frame1947.jpg,3
frame1949.jpg,3
frame1950.jpg,3
frame1951.jpg,1
frame1953.jpg,2
frame1954.jpg,1
frame1955.jpg,2
frame1957.jpg,3
frame1958.jpg,3
frame1959.jpg,3
frame1961.jpg,3
frame1962.jpg,3
frame1963.jpg,3
frame1965.jpg,3
frame1966.jpg,3
frame1967.jpg,3
frame1969.jpg,3
frame1970.jpg,3
frame1971.jpg,3
frame1973.jpg,3
frame1974.jpg,2
frame1975.jpg,2
frame1977.jpg,3
frame1978.jpg,3
frame1979.jpg,3
frame1981.jpg,3
frame1982.jpg,2
frame1983.jpg,1
frame1985.jpg,2
frame1986.jpg,3
frame1987.jpg,3
frame1989.jpg,2
frame1990.jpg,1
frame1991.jpg,1
frame1993.jpg,3
frame1994.jpg,3
frame1995.jpg,3
frame1997.jpg,2
frame1998.jpg,1
frame1999.jpg,2
frame2001.jpg,2
frame2002.jpg,1
frame2003.jpg,1
frame2005.jpg,3
frame2006.jpg,3
frame2007.jpg,3
frame2009.jpg,2
frame2010.jpg,1
frame2011.jpg,1
frame2013.jpg,1
frame2014.jpg,1
frame2015.jpg,2
frame2017.jpg,3
frame2018.jpg,3
frame2019.jpg,3
frame2021.jpg,1
frame2022.jpg,1
frame2023.jpg,2
frame2025.jpg,3
frame2026.jpg,3
frame2027.jpg,3
frame2029.jpg,3
frame2030.jpg,3
frame2031.jpg,3
frame2033.jpg,2
frame2034.jpg,1
frame2035.jpg,1
frame2037.jpg,3
frame2038.jpg,3
frame2039.jpg,3
frame2041.jpg,2
frame2042.jpg,2
frame2043.jpg,3
frame2045.jpg,3
frame2046.jpg,1
frame2047.jpg,1
frame2049.jpg,2
frame2050.jpg,3
frame2051.jpg,3
frame2053.jpg,3
frame2054.jpg,3
frame2055.jpg,2
frame2057.jpg,1
frame2058.jpg,2
frame2059.jpg,3
frame2061.jpg,3
frame2062.jpg,1
frame2063.jpg,1
frame2065.jpg,1
frame2066.jpg,2
frame2067.jpg,3
frame2069.jpg,3
frame2070.jpg,3
frame2071.jpg,3
frame2073.jpg,3
frame2074.jpg,2
frame2075.jpg,1
frame2077.jpg,1
frame2078.jpg,1
frame2079.jpg,2
frame2081.jpg,1
frame2082.jpg,2
frame2083.jpg,3
frame2085.jpg,3
frame2086.jpg,2
frame2087.jpg,1
frame2089.jpg,0
frame2090.jpg,1
frame2091.jpg,1
frame2093.jpg,3
frame2094.jpg,3
frame2095.jpg,1
frame2097.jpg,3
frame2098.jpg,3
frame2099.jpg,3
frame2101.jpg,3
frame2102.jpg,1
frame2103.jpg,3
frame2105.jpg,3
frame2106.jpg,3
frame2107.jpg,3
frame2109.jpg,2
frame2110.jpg,3
frame2111.jpg,3
frame2113.jpg,3
frame2114.jpg,3
frame2115.jpg,3
frame2117.jpg,1
frame2118.jpg,1
frame2119.jpg,1
frame2121.jpg,3
frame2122.jpg,3
frame2123.jpg,3
frame2125.jpg,3
frame2126.jpg,3
frame2127.jpg,3
frame2129.jpg,3
frame2130.jpg,3
frame2131.jpg,1
frame2133.jpg,2
frame2134.jpg,3
frame2135.jpg,3
frame2137.jpg,3
frame2138.jpg,3
frame2139.jpg,3
frame2141.jpg,3
frame2142.jpg,3
frame2143.jpg,3
frame2145.jpg,3
frame2146.jpg,3
frame2147.jpg,3
frame2149.jpg,3
frame2150.jpg,3
frame2151.jpg,3
frame2153.jpg,3
frame2154.jpg,3
frame2155.jpg,3
frame2157.jpg,3
frame2158.jpg,3
frame2159.jpg,3
frame2161.jpg,3
frame2162.jpg,3
frame2163.jpg,3
frame2165.jpg,3
frame2166.jpg,3
frame2167.jpg,3
frame2169.jpg,3
frame2170.jpg,3
frame2171.jpg,3
frame2173.jpg,3
frame2174.jpg,3
frame2175.jpg,3
frame2177.jpg,3
frame2178.jpg,3
frame2179.jpg,3
frame2181.jpg,3
frame2182.jpg,3
frame2183.jpg,3
frame2185.jpg,3
frame2186.jpg,3
frame2187.jpg,3
frame2189.jpg,3
frame2190.jpg,3
frame2191.jpg,3
frame2193.jpg,3
frame2194.jpg,3
frame2195.jpg,3
frame2197.jpg,3
frame2198.jpg,3
frame2199.jpg,3
frame2201.jpg,3
frame2202.jpg,3
frame2203.jpg,3
frame2205.jpg,3
frame2206.jpg,3
frame2207.jpg,3
frame2209.jpg,3
frame2210.jpg,3
frame2211.jpg,3
frame2213.jpg,3
frame2214.jpg,3
frame2215.jpg,3
frame2217.jpg,3
frame2218.jpg,3
frame2219.jpg,3
frame2221.jpg,4
frame2222.jpg,5
frame2223.jpg,4
frame2225.jpg,3
frame2226.jpg,3
frame2227.jpg,3
frame2229.jpg,5
frame2230.jpg,5
frame2231.jpg,5
frame2233.jpg,3
frame2234.jpg,3
frame2235.jpg,3
frame2237.jpg,3
frame2238.jpg,3
frame2239.jpg,3
frame2241.jpg,3
frame2242.jpg,3
frame2243.jpg,3
frame2245.jpg,3
frame2246.jpg,4
frame2247.jpg,5
frame2249.jpg,5
frame2250.jpg,4
frame2251.jpg,3
frame2253.jpg,3
frame2254.jpg,3
frame2255.jpg,3
frame2257.jpg,3
frame2258.jpg,3
frame2259.jpg,3
frame2261.jpg,3
frame2262.jpg,3
frame2263.jpg,3
frame2265.jpg,3
frame2266.jpg,3
frame2267.jpg,3
frame2269.jpg,4
frame2270.jpg,5
frame2271.jpg,5
frame2273.jpg,3
frame2274.jpg,3
frame2275.jpg,3
frame2277.jpg,3
frame2278.jpg,3
frame2279.jpg,3
frame2281.jpg,3
frame2282.jpg,3
frame2283.jpg,3
frame2285.jpg,3
frame2286.jpg,3
frame2287.jpg,3
frame2289.jpg,3
frame2290.jpg,3
frame2291.jpg,3
frame2293.jpg,3
frame2294.jpg,3
frame2295.jpg,3
frame2297.jpg,2
frame2298.jpg,3
frame2299.jpg,3
frame2301.jpg,3
frame2302.jpg,3
frame2303.jpg,3
frame2305.jpg,2
frame2306.jpg,3
frame2307.jpg,3
frame2309.jpg,3
frame2310.jpg,3
frame2311.jpg,3
frame2313.jpg,3
frame2314.jpg,3
frame2315.jpg,3
frame2317.jpg,3
frame2318.jpg,3
frame2319.jpg,3
frame2321.jpg,3
frame2322.jpg,3
frame2323.jpg,2
frame2325.jpg,2
frame2326.jpg,3
frame2327.jpg,3
frame2329.jpg,3
frame2330.jpg,3
frame2331.jpg,1
frame2333.jpg,2
frame2334.jpg,3
frame2335.jpg,3
frame2337.jpg,3
frame2338.jpg,3
frame2339.jpg,3
frame2341.jpg,3
frame2342.jpg,3
frame2343.jpg,3
frame2345.jpg,3
frame2346.jpg,3
frame2347.jpg,3
frame2349.jpg,3
frame2350.jpg,3
frame2351.jpg,3
frame2353.jpg,3
frame2354.jpg,3
frame2355.jpg,3
frame2357.jpg,3
frame2358.jpg,3
frame2359.jpg,3
frame2361.jpg,3
frame2362.jpg,3
frame2363.jpg,3
frame2365.jpg,3
frame2366.jpg,3
frame2367.jpg,3
frame2369.jpg,3
frame2370.jpg,3
frame2371.jpg,2
frame2373.jpg,2
frame2374.jpg,3
frame2375.jpg,3
frame2377.jpg,3
frame2378.jpg,3
frame2379.jpg,3
frame2381.jpg,3
frame2382.jpg,3
frame2383.jpg,3
frame2385.jpg,3
frame2386.jpg,1
frame2387.jpg,1
frame2389.jpg,2
frame2390.jpg,3
frame2391.jpg,3
frame2393.jpg,3
frame2394.jpg,3
frame2395.jpg,3
frame2397.jpg,3
frame2398.jpg,3
frame2399.jpg,3
frame2401.jpg,3
frame2402.jpg,3
frame2403.jpg,3
frame2405.jpg,3
frame2406.jpg,3
frame2407.jpg,3
frame2409.jpg,3
frame2410.jpg,3
frame2411.jpg,3
frame2413.jpg,3
frame2414.jpg,3
frame2415.jpg,3
frame2417.jpg,3
frame2418.jpg,3
frame2419.jpg,3
frame2421.jpg,3
frame2422.jpg,3
frame2423.jpg,3
frame2425.jpg,2
frame2426.jpg,2
frame2427.jpg,3
frame2429.jpg,3
frame2430.jpg,3
frame2431.jpg,3
frame2433.jpg,3
frame2434.jpg,3
frame2435.jpg,3
frame2437.jpg,3
frame2438.jpg,3
frame2439.jpg,3
frame2441.jpg,3
frame2442.jpg,1
frame2443.jpg,2
frame2445.jpg,3
frame2446.jpg,3
frame2447.jpg,3
frame2449.jpg,3
frame2450.jpg,3
frame2451.jpg,3
frame2453.jpg,2
frame2454.jpg,3
frame2455.jpg,3
frame2457.jpg,3
frame2458.jpg,3
frame2459.jpg,1
frame2461.jpg,2
frame2462.jpg,3
frame2463.jpg,3
frame2465.jpg,3
frame2466.jpg,3
frame2467.jpg,3
frame2469.jpg,3
frame2470.jpg,3
frame2471.jpg,2
frame2473.jpg,1
frame2474.jpg,3
frame2475.jpg,3
frame2477.jpg,3
frame2478.jpg,3
frame2479.jpg,3
frame2481.jpg,3
frame2482.jpg,3
frame2483.jpg,2
frame2485.jpg,1
frame2486.jpg,1
frame2487.jpg,2
frame2489.jpg,3
frame2490.jpg,3
frame2491.jpg,3
frame2493.jpg,3
frame2494.jpg,3
frame2495.jpg,3
frame2497.jpg,3
frame2498.jpg,3
frame2499.jpg,3
frame2501.jpg,2
frame2502.jpg,1
frame2503.jpg,2
frame2505.jpg,3
frame2506.jpg,3
frame2507.jpg,3
frame2509.jpg,3
frame2510.jpg,3
frame2511.jpg,3
frame2513.jpg,3
frame2514.jpg,3
frame2515.jpg,3
frame2517.jpg,2
frame2518.jpg,1
frame2519.jpg,2
frame2521.jpg,3
frame2522.jpg,3
frame2523.jpg,3
frame2525.jpg,3
frame2526.jpg,3
frame2527.jpg,3
frame2529.jpg,3
frame2530.jpg,3
frame2531.jpg,3
frame2533.jpg,2
frame2534.jpg,3
frame2535.jpg,3
frame2537.jpg,3
frame2538.jpg,3
frame2539.jpg,3
frame2541.jpg,3
frame2542.jpg,3
frame2543.jpg,3
frame2545.jpg,3
frame2546.jpg,3
frame2547.jpg,3
frame2549.jpg,3
frame2550.jpg,3
frame2551.jpg,3
frame2553.jpg,3
frame2554.jpg,3
frame2555.jpg,3
frame2557.jpg,3
frame2558.jpg,3
frame2559.jpg,3
frame2561.jpg,2
frame2562.jpg,3
frame2563.jpg,3
frame2565.jpg,3
frame2566.jpg,3
frame2567.jpg,3
frame2569.jpg,3
frame2570.jpg,3
frame2571.jpg,3
frame2573.jpg,3
frame2574.jpg,3
frame2575.jpg,3
frame2577.jpg,3
frame2578.jpg,3
frame2579.jpg,3
frame2581.jpg,3
frame2582.jpg,3
frame2583.jpg,3
frame2585.jpg,1
frame2586.jpg,1
frame2587.jpg,1
frame2589.jpg,1
frame2590.jpg,3
frame2591.jpg,3
frame2593.jpg,3
frame2594.jpg,3
frame2595.jpg,3
frame2597.jpg,5
frame2598.jpg,5
frame2599.jpg,5
frame2601.jpg,3
frame2602.jpg,3
frame2603.jpg,3
frame2605.jpg,3
frame2606.jpg,3
frame2607.jpg,3
frame2609.jpg,3
frame2610.jpg,3
frame2611.jpg,3
frame2613.jpg,3
frame2614.jpg,3
frame2615.jpg,5
frame2617.jpg,3
frame2618.jpg,3
frame2619.jpg,3
frame2621.jpg,3
frame2622.jpg,3
frame2623.jpg,3
frame2625.jpg,3
frame2626.jpg,3
frame2627.jpg,3
frame2629.jpg,3
frame2630.jpg,3
frame2631.jpg,3
frame2633.jpg,5
frame2634.jpg,4
frame2635.jpg,4
frame2637.jpg,3
frame2638.jpg,3
frame2639.jpg,3
frame2641.jpg,3
frame2642.jpg,3
frame2643.jpg,3
frame2645.jpg,3
frame2646.jpg,3
frame2647.jpg,3
frame2649.jpg,3
frame2650.jpg,3
frame2651.jpg,3
frame2653.jpg,3
frame2654.jpg,3
frame2655.jpg,1
frame2657.jpg,2
frame2658.jpg,3
frame2659.jpg,3
frame2661.jpg,3
frame2662.jpg,3
frame2663.jpg,3
frame2665.jpg,3
frame2666.jpg,3
frame2667.jpg,2
frame2669.jpg,3
frame2670.jpg,3
frame2671.jpg,3
frame2673.jpg,3
frame2674.jpg,3
frame2675.jpg,3
frame2677.jpg,3
frame2678.jpg,3
frame2679.jpg,3
frame2681.jpg,3
frame2682.jpg,3
frame2683.jpg,3
frame2685.jpg,3
frame2686.jpg,3
frame2687.jpg,2
frame2689.jpg,2
frame2690.jpg,2
frame2691.jpg,3
frame2693.jpg,3
frame2694.jpg,3
frame2695.jpg,3
frame2697.jpg,3
frame2698.jpg,3
frame2699.jpg,3
frame2701.jpg,2
frame2702.jpg,2
frame2703.jpg,3
frame2705.jpg,3
frame2706.jpg,3
frame2707.jpg,3
frame2709.jpg,3
frame2710.jpg,2
frame2711.jpg,1
frame2713.jpg,3
frame2714.jpg,3
frame2715.jpg,3
frame2717.jpg,2
frame2718.jpg,1
frame2719.jpg,1
frame2721.jpg,2
frame2722.jpg,3
frame2723.jpg,3
frame2725.jpg,3
frame2726.jpg,2
frame2727.jpg,1
frame2729.jpg,3
frame2730.jpg,3
frame2731.jpg,3
frame2733.jpg,1
frame2734.jpg,1
frame2735.jpg,1
frame2737.jpg,3
frame2738.jpg,2
frame2739.jpg,1
frame2741.jpg,1
frame2742.jpg,2
frame2743.jpg,3
frame2745.jpg,3
frame2746.jpg,1
frame2747.jpg,2
frame2749.jpg,3
frame2750.jpg,2
frame2751.jpg,2
frame2753.jpg,3
frame2754.jpg,3
frame2755.jpg,2
frame2757.jpg,1
frame2758.jpg,1
frame2759.jpg,2
frame2761.jpg,1
frame2762.jpg,1
frame2763.jpg,2
frame2765.jpg,3
frame2766.jpg,3
frame2767.jpg,3
frame2769.jpg,1
frame2770.jpg,1
frame2771.jpg,1
frame2773.jpg,1
frame2774.jpg,1
frame2775.jpg,1
frame2777.jpg,3
frame2778.jpg,3
frame2779.jpg,3
frame2781.jpg,3
frame2782.jpg,3
frame2783.jpg,3
frame2785.jpg,3
frame2786.jpg,3
frame2787.jpg,1
frame2789.jpg,2
frame2790.jpg,3
frame2791.jpg,3
frame2793.jpg,3
frame2794.jpg,3
frame2795.jpg,3
frame2797.jpg,3
frame2798.jpg,3
frame2799.jpg,3
frame2801.jpg,3
frame2802.jpg,3
frame2803.jpg,3
frame2805.jpg,3
frame2806.jpg,3
frame2807.jpg,3
frame2809.jpg,3
frame2810.jpg,3
frame2811.jpg,3
frame2813.jpg,3
frame2814.jpg,3
frame2815.jpg,3
frame2817.jpg,3
frame2818.jpg,3
frame2819.jpg,3
frame2821.jpg,3
frame2822.jpg,3
frame2823.jpg,3
frame2825.jpg,3
frame2826.jpg,3
frame2827.jpg,3
frame2829.jpg,5
frame2830.jpg,4
frame2831.jpg,3
frame2833.jpg,3
frame2834.jpg,3
frame2835.jpg,3
frame2837.jpg,3
frame2838.jpg,3
frame2839.jpg,3
frame2841.jpg,5
frame2842.jpg,5
frame2843.jpg,5
frame2845.jpg,3
frame2846.jpg,3
frame2847.jpg,3
frame2849.jpg,3
frame2850.jpg,3
frame2851.jpg,3
frame2853.jpg,5
frame2854.jpg,5
frame2855.jpg,6
frame2857.jpg,5
frame2858.jpg,5
frame2859.jpg,3
frame2861.jpg,4
frame2862.jpg,5
frame2863.jpg,5
frame2865.jpg,4
frame2866.jpg,3
frame2867.jpg,3
frame2869.jpg,4
frame2870.jpg,5
frame2871.jpg,6
frame2873.jpg,5
frame2874.jpg,4
frame2875.jpg,3
frame2877.jpg,3
frame2878.jpg,3
frame2879.jpg,3
frame2881.jpg,5
frame2882.jpg,5
frame2883.jpg,5
frame2885.jpg,5
frame2886.jpg,5
frame2887.jpg,4
frame2889.jpg,3
frame2890.jpg,3
frame2891.jpg,3
frame2893.jpg,3
frame2894.jpg,3
frame2895.jpg,3
frame2897.jpg,3
frame2898.jpg,4
frame2899.jpg,5
frame2901.jpg,3
frame2902.jpg,3
frame2903.jpg,3
frame2905.jpg,3
frame2906.jpg,3
frame2907.jpg,5
frame2909.jpg,5
frame2910.jpg,5
frame2911.jpg,4
frame2913.jpg,3
frame2914.jpg,4
frame2915.jpg,5
frame2917.jpg,6
frame2918.jpg,6
frame2919.jpg,6
frame2921.jpg,4
frame2922.jpg,3
frame2923.jpg,3
frame2925.jpg,3
frame2926.jpg,3
frame2927.jpg,3
frame2929.jpg,3
frame2930.jpg,3
frame2931.jpg,3
frame2933.jpg,3
frame2934.jpg,3
frame2935.jpg,3
frame2937.jpg,3
frame2938.jpg,3
frame2939.jpg,3
frame2941.jpg,3
frame2942.jpg,3
frame2943.jpg,4
frame2945.jpg,5
frame2946.jpg,5
frame2947.jpg,4
frame2949.jpg,3
frame2950.jpg,3
frame2951.jpg,3
frame2953.jpg,5
frame2954.jpg,5
frame2955.jpg,5
frame2957.jpg,3
frame2958.jpg,3
frame2959.jpg,4
frame2961.jpg,4
frame2962.jpg,4
frame2963.jpg,3
frame2965.jpg,3
frame2966.jpg,3
frame2967.jpg,3
frame2969.jpg,3
frame2970.jpg,5
frame2971.jpg,5
frame2973.jpg,3
frame2974.jpg,3
frame2975.jpg,3
frame2977.jpg,3
frame2978.jpg,3
frame2979.jpg,3
frame2981.jpg,3
frame2982.jpg,5
frame2983.jpg,5
frame2985.jpg,5
frame2986.jpg,5
frame2987.jpg,4
frame2989.jpg,3
frame2990.jpg,3
frame2991.jpg,4
frame2993.jpg,4
frame2994.jpg,3
frame2995.jpg,3
frame2997.jpg,3
frame2998.jpg,3
frame2999.jpg,3
frame3001.jpg,3
frame3002.jpg,3
frame3003.jpg,5
frame3005.jpg,4
frame3006.jpg,3
frame3007.jpg,3
frame3009.jpg,3
frame3010.jpg,3
frame3011.jpg,3
frame3013.jpg,3
frame3014.jpg,3
frame3015.jpg,3
frame3017.jpg,4
frame3018.jpg,5
frame3019.jpg,4
frame3021.jpg,3
frame3022.jpg,3
frame3023.jpg,3
frame3025.jpg,3
frame3026.jpg,3
frame3027.jpg,3
frame3029.jpg,3
frame3030.jpg,3
frame3031.jpg,3
frame3033.jpg,3
frame3034.jpg,3
frame3035.jpg,3
frame3037.jpg,3
frame3038.jpg,3
frame3039.jpg,3
frame3041.jpg,3
frame3042.jpg,3
frame3043.jpg,3
frame3045.jpg,3
frame3046.jpg,3
frame3047.jpg,3
frame3049.jpg,3
frame3050.jpg,3
frame3051.jpg,3
frame3053.jpg,3
frame3054.jpg,3
frame3055.jpg,3
frame3057.jpg,3
frame3058.jpg,3
frame3059.jpg,3
frame3061.jpg,3
frame3062.jpg,3
frame3063.jpg,3
frame3065.jpg,3
frame3066.jpg,3
frame3067.jpg,3
frame3069.jpg,1
frame3070.jpg,1
frame3071.jpg,1
frame3073.jpg,2
frame3074.jpg,3
frame3075.jpg,3
frame3077.jpg,3
frame3078.jpg,3
frame3079.jpg,3
frame3081.jpg,3
frame3082.jpg,1
frame3083.jpg,1
frame3085.jpg,1
frame3086.jpg,1
frame3087.jpg,3
frame3089.jpg,3
frame3090.jpg,3
frame3091.jpg,3
frame3093.jpg,3
frame3094.jpg,3
frame3095.jpg,3
frame3097.jpg,3
frame3098.jpg,3
frame3099.jpg,3
frame3101.jpg,3
frame3102.jpg,3
frame3103.jpg,3
frame3105.jpg,3
frame3106.jpg,3
frame3107.jpg,3
frame3109.jpg,1
frame3110.jpg,1
frame3111.jpg,1
frame3113.jpg,2
frame3114.jpg,3
frame3115.jpg,3
frame3117.jpg,2
frame3118.jpg,3
frame3119.jpg,3
frame3121.jpg,3
frame3122.jpg,3
frame3123.jpg,3
frame3125.jpg,3
frame3126.jpg,3
frame3127.jpg,3
frame3129.jpg,3
frame3130.jpg,3
frame3131.jpg,3
frame3133.jpg,3
frame3134.jpg,3
frame3135.jpg,3
frame3137.jpg,3
frame3138.jpg,3
frame3139.jpg,3
frame3141.jpg,3
frame3142.jpg,2
frame3143.jpg,1
frame3145.jpg,3
frame3146.jpg,3
frame3147.jpg,3
frame3149.jpg,3
frame3150.jpg,3
frame3151.jpg,3
frame3153.jpg,3
frame3154.jpg,3
frame3155.jpg,3
frame3157.jpg,2
frame3158.jpg,3
frame3159.jpg,3
frame3161.jpg,1
frame3162.jpg,1
frame3163.jpg,3
frame3165.jpg,3
frame3166.jpg,3
frame3167.jpg,1
frame3169.jpg,1
frame3170.jpg,1
frame3171.jpg,1
frame3173.jpg,3
frame3174.jpg,1
frame3175.jpg,2
frame3177.jpg,3
frame3178.jpg,3
frame3179.jpg,3
frame3181.jpg,3
frame3182.jpg,3
frame3183.jpg,2
frame3185.jpg,3
frame3186.jpg,3
frame3187.jpg,3
frame3189.jpg,3
frame3190.jpg,3
frame3191.jpg,3
frame3193.jpg,3
frame3194.jpg,3
frame3195.jpg,3
frame3197.jpg,3
frame3198.jpg,3
frame3199.jpg,3
frame3201.jpg,3
frame3202.jpg,3
frame3203.jpg,3
frame3205.jpg,3
frame3206.jpg,3
frame3207.jpg,3
frame3209.jpg,3
frame3210.jpg,3
frame3211.jpg,3
frame3213.jpg,3
frame3214.jpg,3
frame3215.jpg,3
frame3217.jpg,3
frame3218.jpg,2
frame3219.jpg,1
frame3221.jpg,2
frame3222.jpg,3
frame3223.jpg,3
frame3225.jpg,3
frame3226.jpg,3
frame3227.jpg,2
frame3229.jpg,2
frame3230.jpg,2
frame3231.jpg,3
frame3233.jpg,3
frame3234.jpg,3
frame3235.jpg,3
frame3237.jpg,3
frame3238.jpg,3
frame3239.jpg,3
frame3241.jpg,1
frame3242.jpg,2
frame3243.jpg,3
frame3245.jpg,3
frame3246.jpg,3
frame3247.jpg,3
frame3249.jpg,1
frame3250.jpg,1
frame3251.jpg,1
frame3253.jpg,2
frame3254.jpg,3
frame3255.jpg,3
frame3257.jpg,3
frame3258.jpg,3
frame3259.jpg,3
frame3261.jpg,2
frame3262.jpg,1
frame3263.jpg,1
frame3265.jpg,1
frame3266.jpg,1
frame3267.jpg,3
frame3269.jpg,3
frame3270.jpg,3
frame3271.jpg,3
frame3273.jpg,3
frame3274.jpg,3
frame3275.jpg,3
frame3277.jpg,3
frame3278.jpg,3
frame3279.jpg,3
frame3281.jpg,3
frame3282.jpg,3
frame3283.jpg,3
frame3285.jpg,3
frame3286.jpg,3
frame3287.jpg,3
frame3289.jpg,3
frame3290.jpg,3
frame3291.jpg,3
frame3293.jpg,3
frame3294.jpg,3
frame3295.jpg,3
frame3297.jpg,3
frame3298.jpg,4
frame3299.jpg,5
frame3301.jpg,4
frame3302.jpg,3
frame3303.jpg,3
frame3305.jpg,3
frame3306.jpg,3
frame3307.jpg,3
frame3309.jpg,5
frame3310.jpg,5
frame3311.jpg,5
frame3313.jpg,3
frame3314.jpg,3
frame3315.jpg,3
frame3317.jpg,3
frame3318.jpg,3
frame3319.jpg,3
frame3321.jpg,4
frame3322.jpg,5
frame3323.jpg,5
frame3325.jpg,5
frame3326.jpg,4
frame3327.jpg,3
frame3329.jpg,3
frame3330.jpg,3
frame3331.jpg,5
frame3333.jpg,5
frame3334.jpg,5
frame3335.jpg,5
frame3337.jpg,3
frame3338.jpg,3
frame3339.jpg,3
frame3341.jpg,3
frame3342.jpg,3
frame3343.jpg,3
frame3345.jpg,3
frame3346.jpg,3
frame3347.jpg,3
frame3349.jpg,3
frame3350.jpg,3
frame3351.jpg,3
frame3353.jpg,3
frame3354.jpg,3
frame3355.jpg,3
frame3357.jpg,3
frame3358.jpg,3
frame3359.jpg,3
frame3361.jpg,3
frame3362.jpg,3
frame3363.jpg,4
frame3365.jpg,5
frame3366.jpg,3
frame3367.jpg,3
frame3369.jpg,3
frame3370.jpg,3
frame3371.jpg,3
frame3373.jpg,3
frame3374.jpg,3
frame3375.jpg,4
frame3377.jpg,5
frame3378.jpg,5
frame3379.jpg,5
frame3381.jpg,4
frame3382.jpg,3
frame3383.jpg,3
frame3385.jpg,3
frame3386.jpg,3
frame3387.jpg,4
frame3389.jpg,5
frame3390.jpg,5
frame3391.jpg,5
frame3393.jpg,3
frame3394.jpg,3
frame3395.jpg,3
frame3397.jpg,5
frame3398.jpg,5
frame3399.jpg,6
frame3401.jpg,5
frame3402.jpg,5
frame3403.jpg,4
frame3405.jpg,5
frame3406.jpg,5
frame3407.jpg,6
frame3409.jpg,4
frame3410.jpg,5
frame3411.jpg,5
frame3413.jpg,4
frame3414.jpg,3
frame3415.jpg,3
frame3417.jpg,3
frame3418.jpg,3
frame3419.jpg,3
frame3421.jpg,5
frame3422.jpg,5
frame3423.jpg,5
frame3425.jpg,3
frame3426.jpg,3
frame3427.jpg,3
frame3429.jpg,4
frame3430.jpg,5
frame3431.jpg,5
frame3433.jpg,5
frame3434.jpg,4
frame3435.jpg,4
frame3437.jpg,3
frame3438.jpg,3
frame3439.jpg,3
frame3441.jpg,3
frame3442.jpg,3
frame3443.jpg,3
frame3445.jpg,3
frame3446.jpg,3
frame3447.jpg,3
frame3449.jpg,4
frame3450.jpg,5
frame3451.jpg,5
frame3453.jpg,4
frame3454.jpg,3
frame3455.jpg,3
frame3457.jpg,3
frame3458.jpg,3
frame3459.jpg,3
frame3461.jpg,4
frame3462.jpg,5
frame3463.jpg,5
frame3465.jpg,5
frame3466.jpg,5
frame3467.jpg,5
frame3469.jpg,3
frame3470.jpg,3
frame3471.jpg,3
frame3473.jpg,3
frame3474.jpg,3
frame3475.jpg,3
frame3477.jpg,1
frame3478.jpg,1
frame3479.jpg,2
frame3481.jpg,3
frame3482.jpg,3
frame3483.jpg,3
frame3485.jpg,3
frame3486.jpg,3
frame3487.jpg,3
frame3489.jpg,3
frame3490.jpg,3
frame3491.jpg,3
frame3493.jpg,3
frame3494.jpg,3
frame3495.jpg,3
frame3497.jpg,3
frame3498.jpg,3
frame3499.jpg,3
frame3501.jpg,5
frame3502.jpg,4
frame3503.jpg,3
frame3505.jpg,3
frame3506.jpg,3
frame3507.jpg,3
frame3509.jpg,4
frame3510.jpg,5
frame3511.jpg,5
frame3513.jpg,4
frame3514.jpg,4
frame3515.jpg,3
frame3517.jpg,3
frame3518.jpg,3
frame3519.jpg,3
frame3521.jpg,3
frame3522.jpg,3
frame3523.jpg,3
frame3525.jpg,3
frame3526.jpg,4
frame3527.jpg,5
frame3529.jpg,4
frame3530.jpg,3
frame3531.jpg,3
frame3533.jpg,3
frame3534.jpg,3
frame3535.jpg,3
frame3537.jpg,3
frame3538.jpg,3
frame3539.jpg,3
frame3541.jpg,3
frame3542.jpg,3
frame3543.jpg,3
frame3545.jpg,5
frame3546.jpg,4
frame3547.jpg,3
frame3549.jpg,3
frame3550.jpg,3
frame3551.jpg,3
frame3553.jpg,3
frame3554.jpg,3
frame3555.jpg,3
frame3557.jpg,3
frame3558.jpg,3
frame3559.jpg,3
frame3561.jpg,3
frame3562.jpg,3
frame3563.jpg,3
frame3565.jpg,3
frame3566.jpg,3
frame3567.jpg,3
frame3569.jpg,3
frame3570.jpg,3
frame3571.jpg,3
frame3573.jpg,3
frame3574.jpg,3
frame3575.jpg,3
frame3577.jpg,3
frame3578.jpg,3
frame3579.jpg,3
frame3581.jpg,3
frame3582.jpg,3
frame3583.jpg,3
frame3585.jpg,3
frame3586.jpg,3
frame3587.jpg,3
frame3589.jpg,3
frame3590.jpg,3
frame3591.jpg,3
frame3593.jpg,3
frame3594.jpg,3
frame3595.jpg,3
frame3597.jpg,3
frame3598.jpg,3
frame3599.jpg,3
frame3601.jpg,3
frame3602.jpg,3
frame3603.jpg,3
frame3605.jpg,3
frame3606.jpg,3
frame3607.jpg,3
frame3609.jpg,3
frame3610.jpg,3
frame3611.jpg,3
frame3613.jpg,3
frame3614.jpg,3
frame3615.jpg,1
frame3617.jpg,3
frame3618.jpg,3
frame3619.jpg,3
frame3621.jpg,3
frame3622.jpg,3
frame3623.jpg,3
frame3625.jpg,3
frame3626.jpg,3
frame3627.jpg,3
frame3629.jpg,3
frame3630.jpg,3
frame3631.jpg,3
frame3633.jpg,3
frame3634.jpg,3
frame3635.jpg,3
frame3637.jpg,3
frame3638.jpg,3
frame3639.jpg,3
frame3641.jpg,3
frame3642.jpg,3
frame3643.jpg,3
frame3645.jpg,3
frame3646.jpg,3
frame3647.jpg,3
frame3649.jpg,3
frame3650.jpg,3
frame3651.jpg,3
frame3653.jpg,3
frame3654.jpg,3
frame3655.jpg,3
frame3657.jpg,3
frame3658.jpg,3
frame3659.jpg,3
frame3661.jpg,3
frame3662.jpg,3
frame3663.jpg,3
frame3665.jpg,3
frame3666.jpg,3
frame3667.jpg,3
frame3669.jpg,3
frame3670.jpg,2
frame3671.jpg,1
frame3673.jpg,3
frame3674.jpg,3
frame3675.jpg,3
frame3677.jpg,3
frame3678.jpg,3
frame3679.jpg,3
frame3681.jpg,1
frame3682.jpg,2
frame3683.jpg,3
frame3685.jpg,3
frame3686.jpg,2
frame3687.jpg,1
frame3689.jpg,3
frame3690.jpg,3
frame3691.jpg,3
frame3693.jpg,3
frame3694.jpg,3
frame3695.jpg,3
frame3697.jpg,1
frame3698.jpg,1
frame3699.jpg,2
frame3701.jpg,3
frame3702.jpg,3
frame3703.jpg,3
frame3705.jpg,3
frame3706.jpg,2
frame3707.jpg,1
frame3709.jpg,1
frame3710.jpg,2
frame3711.jpg,3
frame3713.jpg,3
frame3714.jpg,2
frame3715.jpg,1
frame3717.jpg,3
frame3718.jpg,3
frame3719.jpg,3
frame3721.jpg,3
frame3722.jpg,3
frame3723.jpg,3
frame3725.jpg,3
frame3726.jpg,3
frame3727.jpg,3
frame3729.jpg,3
frame3730.jpg,1
frame3731.jpg,1
frame3733.jpg,3
frame3734.jpg,3
frame3735.jpg,3
frame3737.jpg,3
frame3738.jpg,3
frame3739.jpg,3
frame3741.jpg,3
frame3742.jpg,3
frame3743.jpg,3
frame3745.jpg,3
frame3746.jpg,3
frame3747.jpg,3
frame3749.jpg,3
frame3750.jpg,3
frame3751.jpg,3
frame3753.jpg,3
frame3754.jpg,3
frame3755.jpg,3
frame3757.jpg,3
frame3758.jpg,3
frame3759.jpg,3
frame3761.jpg,3
frame3762.jpg,3
frame3763.jpg,3
frame3765.jpg,3
frame3766.jpg,3
frame3767.jpg,3
frame3769.jpg,3
frame3770.jpg,3
frame3771.jpg,3
frame3773.jpg,5
frame3774.jpg,5
frame3775.jpg,5
frame3777.jpg,3
frame3778.jpg,3
frame3779.jpg,3
frame3781.jpg,3
frame3782.jpg,3
frame3783.jpg,3
frame3785.jpg,3
frame3786.jpg,3
frame3787.jpg,3
frame3789.jpg,3
frame3790.jpg,5
frame3791.jpg,5
frame3793.jpg,5
frame3794.jpg,5
frame3795.jpg,4
frame3797.jpg,3
frame3798.jpg,3
frame3799.jpg,4
frame3801.jpg,5
frame3802.jpg,3
frame3803.jpg,3
frame3805.jpg,3
frame3806.jpg,3
frame3807.jpg,3
frame3809.jpg,3
frame3810.jpg,3
frame3811.jpg,3
frame3813.jpg,3
frame3814.jpg,3
frame3815.jpg,3
frame3817.jpg,3
frame3818.jpg,3
frame3819.jpg,3
frame3821.jpg,3
frame3822.jpg,3
frame3823.jpg,3
frame3825.jpg,3
frame3826.jpg,3
frame3827.jpg,5
frame3829.jpg,5
frame3830.jpg,4
frame3831.jpg,4
frame3833.jpg,3
frame3834.jpg,3
frame3835.jpg,3
frame3837.jpg,3
frame3838.jpg,3
frame3839.jpg,3
frame3841.jpg,3
frame3842.jpg,3
frame3843.jpg,3
frame3845.jpg,3
frame3846.jpg,5
frame3847.jpg,5
frame3849.jpg,4
frame3850.jpg,3
frame3851.jpg,3
frame3853.jpg,3
frame3854.jpg,3
frame3855.jpg,3
frame3857.jpg,3
frame3858.jpg,3
frame3859.jpg,3
frame3861.jpg,3
frame3862.jpg,3
frame3863.jpg,3
frame3865.jpg,3
frame3866.jpg,3
frame3867.jpg,3
frame3869.jpg,3
frame3870.jpg,3
frame3871.jpg,3
frame3873.jpg,3
frame3874.jpg,3
frame3875.jpg,3
frame3877.jpg,3
frame3878.jpg,3
frame3879.jpg,3
frame3881.jpg,3
frame3882.jpg,3
frame3883.jpg,3
frame3885.jpg,3
frame3886.jpg,3
frame3887.jpg,3
frame3889.jpg,3
frame3890.jpg,3
frame3891.jpg,3
frame3893.jpg,3
frame3894.jpg,3
frame3895.jpg,3
frame3897.jpg,3
frame3898.jpg,3
frame3899.jpg,3
frame3901.jpg,3
frame3902.jpg,3
frame3903.jpg,3
frame3905.jpg,3
frame3906.jpg,3
frame3907.jpg,3
frame3909.jpg,3
frame3910.jpg,3
frame3911.jpg,3
frame3913.jpg,3
frame3914.jpg,3
frame3915.jpg,3
frame3917.jpg,3
frame3918.jpg,3
frame3919.jpg,3
frame3921.jpg,3
frame3922.jpg,3
frame3923.jpg,3
frame3925.jpg,3
frame3926.jpg,3
frame3927.jpg,3
frame3929.jpg,3
frame3930.jpg,3
frame3931.jpg,3
frame3933.jpg,3
frame3934.jpg,3
frame3935.jpg,3
frame3937.jpg,3
frame3938.jpg,3
frame3939.jpg,3
frame3941.jpg,3
frame3942.jpg,3
frame3943.jpg,3
frame3945.jpg,3
frame3946.jpg,3
frame3947.jpg,3
frame3949.jpg,3
frame3950.jpg,3
frame3951.jpg,3
frame3953.jpg,3
frame3954.jpg,3
frame3955.jpg,3
frame3957.jpg,3
frame3958.jpg,3
frame3959.jpg,3
frame3961.jpg,3
frame3962.jpg,3
frame3963.jpg,3
frame3965.jpg,3
frame3966.jpg,3
frame3967.jpg,3
frame3969.jpg,3
frame3970.jpg,3
frame3971.jpg,3
frame3973.jpg,3
frame3974.jpg,3
frame3975.jpg,3
frame3977.jpg,3
frame3978.jpg,3
frame3979.jpg,3
frame3981.jpg,3
frame3982.jpg,3
frame3983.jpg,3
frame3985.jpg,3
frame3986.jpg,3
frame3987.jpg,3
frame3989.jpg,3
frame3990.jpg,3
frame3991.jpg,3
frame3993.jpg,3
frame3994.jpg,3
frame3995.jpg,3
frame3997.jpg,3
frame3998.jpg,3
frame3999.jpg,3
frame4001.jpg,3
frame4002.jpg,3
frame4003.jpg,3
frame4005.jpg,3
frame4006.jpg,3
frame4007.jpg,3
frame4009.jpg,3
frame4010.jpg,3
frame4011.jpg,3
frame4013.jpg,3
frame4014.jpg,3
frame4015.jpg,3
frame4017.jpg,3
frame4018.jpg,3
frame4019.jpg,3
frame4021.jpg,3
frame4022.jpg,3
frame4023.jpg,3
frame4025.jpg,4
frame4026.jpg,3
frame4027.jpg,3
frame4029.jpg,3
frame4030.jpg,3
frame4031.jpg,3
frame4033.jpg,5
frame4034.jpg,5
frame4035.jpg,5
frame4037.jpg,4
frame4038.jpg,3
frame4039.jpg,3
frame4041.jpg,3
frame4042.jpg,3
frame4043.jpg,3
frame4045.jpg,2
frame4046.jpg,1
frame4047.jpg,2
frame4049.jpg,3
frame4050.jpg,3
frame4051.jpg,3
frame4053.jpg,3
frame4054.jpg,3
frame4055.jpg,3
frame4057.jpg,3
frame4058.jpg,3
frame4059.jpg,3
frame4061.jpg,3
frame4062.jpg,3
frame4063.jpg,3
frame4065.jpg,3
frame4066.jpg,3
frame4067.jpg,3
frame4069.jpg,3
frame4070.jpg,3
frame4071.jpg,3
frame4073.jpg,3
frame4074.jpg,3
frame4075.jpg,3
frame4077.jpg,3
frame4078.jpg,3
frame4079.jpg,3
frame4081.jpg,3
frame4082.jpg,3
frame4083.jpg,4
frame4085.jpg,4
frame4086.jpg,4
frame4087.jpg,3
frame4089.jpg,3
frame4090.jpg,3
frame4091.jpg,3
frame4093.jpg,5
frame4094.jpg,5
frame4095.jpg,5
frame4097.jpg,4
frame4098.jpg,3
frame4099.jpg,3
frame4101.jpg,3
frame4102.jpg,3
frame4103.jpg,3
frame4105.jpg,3
frame4106.jpg,4
frame4107.jpg,5
frame4109.jpg,5
frame4110.jpg,6
frame4111.jpg,5
frame4113.jpg,4
frame4114.jpg,3
frame4115.jpg,3
frame4117.jpg,4
frame4118.jpg,5
frame4119.jpg,5
frame4121.jpg,6
frame4122.jpg,5
frame4123.jpg,5
frame4125.jpg,3
frame4126.jpg,3
frame4127.jpg,3
frame4129.jpg,4
frame4130.jpg,5
frame4131.jpg,5
frame4133.jpg,3
frame4134.jpg,3
frame4135.jpg,3
frame4137.jpg,3
frame4138.jpg,3
frame4139.jpg,3
frame4141.jpg,3
frame4142.jpg,3
frame4143.jpg,3
frame4145.jpg,4
frame4146.jpg,5
frame4147.jpg,4
frame4149.jpg,3
frame4150.jpg,3
frame4151.jpg,3
frame4153.jpg,3
frame4154.jpg,3
frame4155.jpg,4
frame4157.jpg,5
frame4158.jpg,5
frame4159.jpg,5
frame4161.jpg,3
frame4162.jpg,3
frame4163.jpg,3
frame4165.jpg,3
frame4166.jpg,3
frame4167.jpg,3
frame4169.jpg,3
frame4170.jpg,3
frame4171.jpg,3
frame4173.jpg,3
frame4174.jpg,3
frame4175.jpg,5
frame4177.jpg,3
frame4178.jpg,3
frame4179.jpg,3
frame4181.jpg,3
frame4182.jpg,3
frame4183.jpg,5
frame4185.jpg,4
frame4186.jpg,3
frame4187.jpg,3
frame4189.jpg,3
frame4190.jpg,3
frame4191.jpg,3
frame4193.jpg,3
frame4194.jpg,3
frame4195.jpg,3
frame4197.jpg,5
frame4198.jpg,5
frame4199.jpg,5
frame4201.jpg,3
frame4202.jpg,3
frame4203.jpg,3
frame4205.jpg,3
frame4206.jpg,3
frame4207.jpg,3
frame4209.jpg,3
frame4210.jpg,3
frame4211.jpg,4
frame4213.jpg,5
frame4214.jpg,5
frame4215.jpg,5
frame4217.jpg,3
frame4218.jpg,3
frame4219.jpg,3
frame4221.jpg,3
frame4222.jpg,3
frame4223.jpg,3
frame4225.jpg,3
frame4226.jpg,3
frame4227.jpg,3
frame4229.jpg,3
frame4230.jpg,3
frame4231.jpg,3
frame4233.jpg,3
frame4234.jpg,3
frame4235.jpg,3
frame4237.jpg,3
frame4238.jpg,3
frame4239.jpg,3
frame4241.jpg,3
frame4242.jpg,3
frame4243.jpg,3
frame4245.jpg,4
frame4246.jpg,5
frame4247.jpg,4
frame4249.jpg,3
frame4250.jpg,3
frame4251.jpg,3
frame4253.jpg,3
frame4254.jpg,3
frame4255.jpg,3
frame4257.jpg,3
frame4258.jpg,3
frame4259.jpg,3
frame4261.jpg,3
frame4262.jpg,3
frame4263.jpg,3
frame4265.jpg,3
frame4266.jpg,3
frame4267.jpg,3
frame4269.jpg,3
frame4270.jpg,3
frame4271.jpg,3
frame4273.jpg,3
frame4274.jpg,3
frame4275.jpg,3
frame4277.jpg,3
frame4278.jpg,3
frame4279.jpg,3
frame4281.jpg,3
frame4282.jpg,3
frame4283.jpg,3
frame4285.jpg,3
frame4286.jpg,3
frame4287.jpg,3
frame4289.jpg,3
frame4290.jpg,3
frame4291.jpg,3
frame4293.jpg,3
frame4294.jpg,3
frame4295.jpg,3
frame4297.jpg,3
frame4298.jpg,3
frame4299.jpg,3
frame4301.jpg,3
frame4302.jpg,3
frame4303.jpg,3
frame4305.jpg,3
frame4306.jpg,3
frame4307.jpg,3
frame4309.jpg,3
frame4310.jpg,3
frame4311.jpg,3
frame4313.jpg,3
frame4314.jpg,3
frame4315.jpg,3
frame4317.jpg,3
frame4318.jpg,3
frame4319.jpg,3
frame4321.jpg,3
frame4322.jpg,3
frame4323.jpg,3
frame4325.jpg,3
frame4326.jpg,3
frame4327.jpg,3
frame4329.jpg,3
frame4330.jpg,3
frame4331.jpg,3
frame4333.jpg,3
frame4334.jpg,3
frame4335.jpg,3
frame4337.jpg,3
frame4338.jpg,3
frame4339.jpg,3
frame4341.jpg,3
frame4342.jpg,3
frame4343.jpg,3
frame4345.jpg,3
frame4346.jpg,3
frame4347.jpg,3
frame4349.jpg,3
frame4350.jpg,3
frame4351.jpg,3
frame4353.jpg,3
frame4354.jpg,3
frame4355.jpg,1
frame4357.jpg,3
frame4358.jpg,3
frame4359.jpg,3
frame4361.jpg,3
frame4362.jpg,2
frame4363.jpg,1
frame4365.jpg,1
frame4366.jpg,2
frame4367.jpg,3
frame4369.jpg,3
frame4370.jpg,3
frame4371.jpg,3
frame4373.jpg,3
frame4374.jpg,3
frame4375.jpg,3
frame4377.jpg,3
frame4378.jpg,3
frame4379.jpg,3
frame4381.jpg,3
frame4382.jpg,3
frame4383.jpg,3
frame4385.jpg,3
frame4386.jpg,3
frame4387.jpg,3
frame4389.jpg,3
frame4390.jpg,3
frame4391.jpg,3
frame4393.jpg,3
frame4394.jpg,3
frame4395.jpg,3
frame4397.jpg,3
frame4398.jpg,3
frame4399.jpg,3
frame4401.jpg,3
frame4402.jpg,3
frame4403.jpg,3
frame4405.jpg,3
frame4406.jpg,3
frame4407.jpg,3
frame4409.jpg,3
frame4410.jpg,3
frame4411.jpg,3
frame4413.jpg,3
frame4414.jpg,3
frame4415.jpg,3
frame4417.jpg,3
frame4418.jpg,3
frame4419.jpg,3
frame4421.jpg,3
frame4422.jpg,4
frame4423.jpg,5
frame4425.jpg,5
frame4426.jpg,4
frame4427.jpg,4
frame4429.jpg,3
frame4430.jpg,3
frame4431.jpg,3
frame4433.jpg,3
frame4434.jpg,3
frame4435.jpg,3
frame4437.jpg,3
frame4438.jpg,3
frame4439.jpg,3
frame4441.jpg,3
frame4442.jpg,3
frame4443.jpg,3
frame4445.jpg,4
frame4446.jpg,5
frame4447.jpg,5
frame4449.jpg,4
frame4450.jpg,4
frame4451.jpg,3
frame4453.jpg,3
frame4454.jpg,3
frame4455.jpg,3
frame4457.jpg,3
frame4458.jpg,3
frame4459.jpg,3
frame4461.jpg,3
frame4462.jpg,3
frame4463.jpg,3
frame4465.jpg,3
frame4466.jpg,3
frame4467.jpg,3
frame4469.jpg,3
frame4470.jpg,3
frame4471.jpg,3
frame4473.jpg,3
frame4474.jpg,3
frame4475.jpg,3
frame4477.jpg,5
frame4478.jpg,4
frame4479.jpg,4
frame4481.jpg,3
frame4482.jpg,3
frame4483.jpg,3
frame4485.jpg,3
frame4486.jpg,3
frame4487.jpg,3
frame4489.jpg,3
frame4490.jpg,4
frame4491.jpg,5
frame4493.jpg,5
frame4494.jpg,5
frame4495.jpg,5
frame4497.jpg,3
frame4498.jpg,3
frame4499.jpg,3
frame4501.jpg,3
frame4502.jpg,3
frame4503.jpg,3
frame4505.jpg,3
frame4506.jpg,3
frame4507.jpg,4
frame4509.jpg,4
frame4510.jpg,3
frame4511.jpg,3
frame4513.jpg,3
frame4514.jpg,3
frame4515.jpg,3
frame4517.jpg,3
frame4518.jpg,3
frame4519.jpg,3
frame4521.jpg,3
frame4522.jpg,3
frame4523.jpg,3
frame4525.jpg,3
frame4526.jpg,3
frame4527.jpg,3
frame4529.jpg,4
frame4530.jpg,5
frame4531.jpg,5
frame4533.jpg,4
frame4534.jpg,3
frame4535.jpg,3
frame4537.jpg,3
frame4538.jpg,3
frame4539.jpg,3
frame4541.jpg,3
frame4542.jpg,3
frame4543.jpg,3
frame4545.jpg,3
frame4546.jpg,3
frame4547.jpg,3
frame4549.jpg,3
frame4550.jpg,3
frame4551.jpg,3
frame4553.jpg,3
frame4554.jpg,3
frame4555.jpg,3
frame4557.jpg,3
frame4558.jpg,3
frame4559.jpg,3
frame4561.jpg,3
frame4562.jpg,3
frame4563.jpg,3
frame4565.jpg,3
frame4566.jpg,3
frame4567.jpg,3
frame4569.jpg,3
frame4570.jpg,3
frame4571.jpg,3
frame4573.jpg,3
frame4574.jpg,3
frame4575.jpg,3
frame4577.jpg,3
frame4578.jpg,3
frame4579.jpg,3
frame4581.jpg,3
frame4582.jpg,3
frame4583.jpg,3
frame4585.jpg,3
frame4586.jpg,3
frame4587.jpg,3
frame4589.jpg,3
frame4590.jpg,3
frame4591.jpg,3
frame4593.jpg,3
frame4594.jpg,3
frame4595.jpg,3
frame4597.jpg,3
frame4598.jpg,3
frame4599.jpg,3
frame4601.jpg,3
frame4602.jpg,3
frame4603.jpg,3
frame4605.jpg,3
frame4606.jpg,3
frame4607.jpg,3
frame4609.jpg,3
frame4610.jpg,3
frame4611.jpg,3
frame4613.jpg,3
frame4614.jpg,3
frame4615.jpg,3
frame4617.jpg,3
frame4618.jpg,3
frame4619.jpg,3
frame4621.jpg,3
frame4622.jpg,3
frame4623.jpg,3
frame4625.jpg,3
frame4626.jpg,3
frame4627.jpg,3
frame4629.jpg,3
frame4630.jpg,3
frame4631.jpg,3
frame4633.jpg,3
frame4634.jpg,3
frame4635.jpg,3
frame4637.jpg,3
frame4638.jpg,3
frame4639.jpg,3
frame4641.jpg,3
frame4642.jpg,3
frame4643.jpg,3
frame4645.jpg,3
frame4646.jpg,3
frame4647.jpg,3
frame4649.jpg,3
frame4650.jpg,3
frame4651.jpg,3
frame4653.jpg,3
frame4654.jpg,3
frame4655.jpg,3
frame4657.jpg,3
frame4658.jpg,3
frame4659.jpg,3
frame4661.jpg,3
frame4662.jpg,3
frame4663.jpg,3
frame4665.jpg,1
frame4666.jpg,1
frame4667.jpg,1
frame4669.jpg,3
frame4670.jpg,3
frame4671.jpg,3
frame4673.jpg,3
frame4674.jpg,3
frame4675.jpg,3
frame4677.jpg,3
frame4678.jpg,3
frame4679.jpg,3
frame4681.jpg,3
frame4682.jpg,2
frame4683.jpg,1
frame4685.jpg,1
frame4686.jpg,2
frame4687.jpg,2
frame4689.jpg,3
frame4690.jpg,3
frame4691.jpg,3
frame4693.jpg,3
frame4694.jpg,3
frame4695.jpg,3
frame4697.jpg,3
frame4698.jpg,3
frame4699.jpg,2
frame4701.jpg,1
frame4702.jpg,2
frame4703.jpg,3
frame4705.jpg,3
frame4706.jpg,3
frame4707.jpg,3
frame4709.jpg,3
frame4710.jpg,3
frame4711.jpg,3
frame4713.jpg,2
frame4714.jpg,1
frame4715.jpg,1
frame4717.jpg,3
frame4718.jpg,3
frame4719.jpg,3
frame4721.jpg,3
frame4722.jpg,3
frame4723.jpg,3
frame4725.jpg,1
frame4726.jpg,1
frame4727.jpg,2
frame4729.jpg,2
frame4730.jpg,3
frame4731.jpg,3
frame4733.jpg,2
frame4734.jpg,1
frame4735.jpg,1
frame4737.jpg,1
frame4738.jpg,2
frame4739.jpg,3
frame4741.jpg,3
frame4742.jpg,3
frame4743.jpg,3
frame4745.jpg,3
frame4746.jpg,3
frame4747.jpg,3
frame4749.jpg,3
frame4750.jpg,1
frame4751.jpg,1
frame4753.jpg,2
frame4754.jpg,3
frame4755.jpg,3
frame4757.jpg,3
frame4758.jpg,3
frame4759.jpg,3
frame4761.jpg,3
frame4762.jpg,3
frame4763.jpg,3
frame4765.jpg,3
frame4766.jpg,3
frame4767.jpg,3
frame4769.jpg,3
frame4770.jpg,3
frame4771.jpg,3
frame4773.jpg,3
frame4774.jpg,3
frame4775.jpg,3
frame4777.jpg,3
frame4778.jpg,3
frame4779.jpg,3
frame4781.jpg,3
frame4782.jpg,3
frame4783.jpg,3
frame4785.jpg,3
frame4786.jpg,3
frame4787.jpg,3
frame4789.jpg,3
frame4790.jpg,3
frame4791.jpg,3
frame4793.jpg,3
frame4794.jpg,3
frame4795.jpg,3
frame4797.jpg,3
frame4798.jpg,3
frame4799.jpg,3
frame4801.jpg,3
frame4802.jpg,3
frame4803.jpg,3
frame4805.jpg,3
frame4806.jpg,3
frame4807.jpg,3
frame4809.jpg,3
frame4810.jpg,3
frame4811.jpg,3
frame4813.jpg,3
frame4814.jpg,3
frame4815.jpg,3
frame4817.jpg,3
frame4818.jpg,3
frame4819.jpg,3
frame4821.jpg,3
frame4822.jpg,3
frame4823.jpg,3
frame4825.jpg,3
frame4826.jpg,3
frame4827.jpg,3
frame4829.jpg,4
frame4830.jpg,5
frame4831.jpg,5
frame4833.jpg,4
frame4834.jpg,3
frame4835.jpg,3
frame4837.jpg,3
frame4838.jpg,3
frame4839.jpg,3
frame4841.jpg,3
frame4842.jpg,4
frame4843.jpg,5
frame4845.jpg,4
frame4846.jpg,3
frame4847.jpg,3
frame4849.jpg,3
frame4850.jpg,4
frame4851.jpg,5
frame4853.jpg,5
frame4854.jpg,4
frame4855.jpg,4
frame4857.jpg,3
frame4858.jpg,3
frame4859.jpg,3
frame4861.jpg,5
frame4862.jpg,5
frame4863.jpg,5
frame4865.jpg,3
frame4866.jpg,3
frame4867.jpg,3
frame4869.jpg,5
frame4870.jpg,5
frame4871.jpg,5
frame4873.jpg,3
frame4874.jpg,3
frame4875.jpg,3
frame4877.jpg,3
frame4878.jpg,3
frame4879.jpg,4
frame4881.jpg,5
frame4882.jpg,6
frame4883.jpg,6
frame4885.jpg,6
frame4886.jpg,5
frame4887.jpg,5
frame4889.jpg,3
frame4890.jpg,3
frame4891.jpg,3
frame4893.jpg,5
frame4894.jpg,5
frame4895.jpg,5
frame4897.jpg,4
frame4898.jpg,3
frame4899.jpg,3
frame4901.jpg,3
frame4902.jpg,3
frame4903.jpg,5
frame4905.jpg,5
frame4906.jpg,6
frame4907.jpg,5
frame4909.jpg,4
frame4910.jpg,3
frame4911.jpg,3
frame4913.jpg,4
frame4914.jpg,5
frame4915.jpg,5
frame4917.jpg,3
frame4918.jpg,3
frame4919.jpg,4
frame4921.jpg,4
frame4922.jpg,4
frame4923.jpg,3
frame4925.jpg,5
frame4926.jpg,5
frame4927.jpg,5
frame4929.jpg,5
frame4930.jpg,4
frame4931.jpg,3
frame4933.jpg,5
frame4934.jpg,5
frame4935.jpg,4
frame4937.jpg,3
frame4938.jpg,3
frame4939.jpg,3
frame4941.jpg,3
frame4942.jpg,3
frame4943.jpg,3
frame4945.jpg,4
frame4946.jpg,5
frame4947.jpg,5
frame4949.jpg,5
frame4950.jpg,4
frame4951.jpg,4
frame4953.jpg,3
frame4954.jpg,3
frame4955.jpg,3
frame4957.jpg,3
frame4958.jpg,3
frame4959.jpg,3
frame4961.jpg,3
frame4962.jpg,3
frame4963.jpg,3
frame4965.jpg,3
frame4966.jpg,3
frame4967.jpg,3
frame4969.jpg,3
frame4970.jpg,3
frame4971.jpg,5
frame4973.jpg,4
frame4974.jpg,3
frame4975.jpg,3
frame4977.jpg,3
frame4978.jpg,3
frame4979.jpg,3
frame4981.jpg,3
frame4982.jpg,3
frame4983.jpg,3
frame4985.jpg,3
frame4986.jpg,3
frame4987.jpg,3
frame4989.jpg,3
frame4990.jpg,3
frame4991.jpg,3
frame4993.jpg,3
frame4994.jpg,3
frame4995.jpg,3
frame4997.jpg,3
frame4998.jpg,3
frame4999.jpg,3
frame5001.jpg,3
frame5002.jpg,3
frame5003.jpg,3
frame5005.jpg,5
frame5006.jpg,4
frame5007.jpg,3
frame5009.jpg,3
frame5010.jpg,3
frame5011.jpg,3
frame5013.jpg,3
frame5014.jpg,3
frame5015.jpg,3
frame5017.jpg,3
frame5018.jpg,3
frame5019.jpg,3
frame5021.jpg,3
frame5022.jpg,3
frame5023.jpg,3
frame5025.jpg,3
frame5026.jpg,3
frame5027.jpg,3
frame5029.jpg,3
frame5030.jpg,3
frame5031.jpg,3
frame5033.jpg,3
frame5034.jpg,3
frame5035.jpg,3
frame5037.jpg,5
frame5038.jpg,5
frame5039.jpg,4
frame5041.jpg,3
frame5042.jpg,3
frame5043.jpg,3
frame5045.jpg,3
frame5046.jpg,3
frame5047.jpg,3
frame5049.jpg,3
frame5050.jpg,3
frame5051.jpg,3
frame5053.jpg,3
frame5054.jpg,3
frame5055.jpg,3
frame5057.jpg,3
frame5058.jpg,3
frame5059.jpg,3
frame5061.jpg,3
frame5062.jpg,3
frame5063.jpg,3
frame5065.jpg,3
frame5066.jpg,3
frame5067.jpg,3
frame5069.jpg,3
frame5070.jpg,3
frame5071.jpg,3
frame5073.jpg,3
frame5074.jpg,3
frame5075.jpg,3
frame5077.jpg,3
frame5078.jpg,3
frame5079.jpg,3
frame5081.jpg,3
frame5082.jpg,3
frame5083.jpg,3
frame5085.jpg,3
frame5086.jpg,3
frame5087.jpg,3
frame5089.jpg,3
frame5090.jpg,3
frame5091.jpg,3
frame5093.jpg,3
frame5094.jpg,3
frame5095.jpg,3
frame5097.jpg,3
frame5098.jpg,3
frame5099.jpg,3
frame5101.jpg,5
frame5102.jpg,4
frame5103.jpg,4
frame5105.jpg,3
frame5106.jpg,3
frame5107.jpg,3
frame5109.jpg,3
frame5110.jpg,3
frame5111.jpg,3
frame5113.jpg,3
frame5114.jpg,3
frame5115.jpg,3
frame5117.jpg,3
frame5118.jpg,3
frame5119.jpg,3
frame5121.jpg,3
frame5122.jpg,3
frame5123.jpg,3
frame5125.jpg,3
frame5126.jpg,3
frame5127.jpg,3
frame5129.jpg,3
frame5130.jpg,3
frame5131.jpg,3
frame5133.jpg,3
frame5134.jpg,3
frame5135.jpg,3
frame5137.jpg,3
frame5138.jpg,3
frame5139.jpg,3
frame5141.jpg,3
frame5142.jpg,3
frame5143.jpg,3
frame5145.jpg,3
frame5146.jpg,3
frame5147.jpg,3
frame5149.jpg,3
frame5150.jpg,3
frame5151.jpg,4
frame5153.jpg,5
frame5154.jpg,4
frame5155.jpg,4
frame5157.jpg,3
frame5158.jpg,3
frame5159.jpg,3
frame5161.jpg,3
frame5162.jpg,3
frame5163.jpg,3
frame5165.jpg,3
frame5166.jpg,3
frame5167.jpg,3
frame5169.jpg,3
frame5170.jpg,3
frame5171.jpg,3
frame5173.jpg,3
frame5174.jpg,3
frame5175.jpg,3
frame5177.jpg,3
frame5178.jpg,3
frame5179.jpg,3
frame5181.jpg,3
frame5182.jpg,3
frame5183.jpg,3
frame5185.jpg,3
frame5186.jpg,3
frame5187.jpg,3
frame5189.jpg,3
frame5190.jpg,3
frame5191.jpg,3
frame5193.jpg,3
frame5194.jpg,3
frame5195.jpg,3
frame5197.jpg,3
frame5198.jpg,3
frame5199.jpg,3
frame5201.jpg,3
frame5202.jpg,3
frame5203.jpg,3
frame5205.jpg,3
frame5206.jpg,3
frame5207.jpg,3
frame5209.jpg,3
frame5210.jpg,3
frame5211.jpg,3
frame5213.jpg,3
frame5214.jpg,3
frame5215.jpg,3
frame5217.jpg,3
frame5218.jpg,3
frame5219.jpg,3
frame5221.jpg,3
frame5222.jpg,3
frame5223.jpg,1
frame5225.jpg,1
frame5226.jpg,2
frame5227.jpg,3
frame5229.jpg,3
frame5230.jpg,3
frame5231.jpg,3
frame5233.jpg,3
frame5234.jpg,3
frame5235.jpg,3
frame5237.jpg,3
frame5238.jpg,3
frame5239.jpg,3
frame5241.jpg,3
frame5242.jpg,3
frame5243.jpg,3
frame5245.jpg,3
frame5246.jpg,3
frame5247.jpg,3
frame5249.jpg,3
frame5250.jpg,3
frame5251.jpg,3
frame5253.jpg,3
frame5254.jpg,3
frame5255.jpg,3
frame5257.jpg,3
frame5258.jpg,3
frame5259.jpg,3
frame5261.jpg,3
frame5262.jpg,3
frame5263.jpg,3
frame5265.jpg,3
frame5266.jpg,3
frame5267.jpg,3
frame5269.jpg,3
frame5270.jpg,3
frame5271.jpg,3
frame5273.jpg,3
frame5274.jpg,3
frame5275.jpg,3
frame5277.jpg,3
frame5278.jpg,3
frame5279.jpg,3
frame5281.jpg,3
frame5282.jpg,3
frame5283.jpg,3
frame5285.jpg,3
frame5286.jpg,3
frame5287.jpg,3
frame5289.jpg,3
frame5290.jpg,3
frame5291.jpg,3
frame5293.jpg,3
frame5294.jpg,3
frame5295.jpg,3
frame5297.jpg,3
frame5298.jpg,3
frame5299.jpg,3
frame5301.jpg,2
frame5302.jpg,1
frame5303.jpg,1
frame5305.jpg,3
frame5306.jpg,3
frame5307.jpg,3
frame5309.jpg,3
frame5310.jpg,3
frame5311.jpg,3
frame5313.jpg,3
frame5314.jpg,3
frame5315.jpg,3
frame5317.jpg,2
frame5318.jpg,1
frame5319.jpg,1
frame5321.jpg,3
frame5322.jpg,3
frame5323.jpg,3
frame5325.jpg,3
frame5326.jpg,3
frame5327.jpg,3
frame5329.jpg,3
frame5330.jpg,2
frame5331.jpg,1
frame5333.jpg,2
frame5334.jpg,3
frame5335.jpg,3
frame5337.jpg,3
frame5338.jpg,3
frame5339.jpg,3
frame5341.jpg,3
frame5342.jpg,3
frame5343.jpg,3
frame5345.jpg,1
frame5346.jpg,2
frame5347.jpg,2
frame5349.jpg,3
frame5350.jpg,3
frame5351.jpg,3
frame5353.jpg,3
frame5354.jpg,2
frame5355.jpg,1
frame5357.jpg,3
frame5358.jpg,3
frame5359.jpg,3
frame5361.jpg,3
frame5362.jpg,1
frame5363.jpg,1
frame5365.jpg,3
frame5366.jpg,3
frame5367.jpg,3
frame5369.jpg,1
frame5370.jpg,2
frame5371.jpg,2
frame5373.jpg,3
frame5374.jpg,2
frame5375.jpg,1
frame5377.jpg,3
frame5378.jpg,3
frame5379.jpg,3
frame5381.jpg,3
frame5382.jpg,3
frame5383.jpg,1
frame5385.jpg,3
frame5386.jpg,3
frame5387.jpg,3
frame5389.jpg,3
frame5390.jpg,3
frame5391.jpg,3
frame5393.jpg,3
frame5394.jpg,3
frame5395.jpg,3
frame5397.jpg,3
frame5398.jpg,3
frame5399.jpg,3
frame5401.jpg,3
frame5402.jpg,3
frame5403.jpg,3
frame5405.jpg,1
frame5406.jpg,1
frame5407.jpg,1
frame5409.jpg,3
frame5410.jpg,3
frame5411.jpg,2
frame5413.jpg,1
frame5414.jpg,0
frame5415.jpg,1
frame5417.jpg,2
frame5418.jpg,1
frame5419.jpg,1
frame5421.jpg,3
frame5422.jpg,3
frame5423.jpg,3
frame5425.jpg,1
frame5426.jpg,3
frame5427.jpg,3
frame5429.jpg,1
frame5430.jpg,2
frame5431.jpg,2
frame5433.jpg,1
frame5434.jpg,1
frame5435.jpg,1
frame5437.jpg,2
frame5438.jpg,2
frame5439.jpg,1
frame5441.jpg,3
frame5442.jpg,3
frame5443.jpg,3
frame5445.jpg,1
frame5446.jpg,1
frame5447.jpg,3
frame5449.jpg,2
frame5450.jpg,1
frame5451.jpg,2
frame5453.jpg,3
frame5454.jpg,2
frame5455.jpg,3
frame5457.jpg,3
frame5458.jpg,3
frame5459.jpg,1
frame5461.jpg,2
frame5462.jpg,3
frame5463.jpg,1
frame5465.jpg,1
frame5466.jpg,3
frame5467.jpg,2
frame5469.jpg,2
frame5470.jpg,1
frame5471.jpg,1
frame5473.jpg,2
frame5474.jpg,1
frame5475.jpg,1
frame5477.jpg,3
frame5478.jpg,3
frame5479.jpg,3
frame5481.jpg,3
frame5482.jpg,3
frame5483.jpg,3
frame5485.jpg,1
frame5486.jpg,2
frame5487.jpg,2
frame5489.jpg,3
frame5490.jpg,3
frame5491.jpg,3
frame5493.jpg,3
frame5494.jpg,3
frame5495.jpg,1
frame5497.jpg,2
frame5498.jpg,3
frame5499.jpg,3
frame5501.jpg,3
frame5502.jpg,3
frame5503.jpg,3
frame5505.jpg,2
frame5506.jpg,3
frame5507.jpg,3
frame5509.jpg,3
frame5510.jpg,3
frame5511.jpg,3
frame5513.jpg,3
frame5514.jpg,3
frame5515.jpg,3
frame5517.jpg,3
frame5518.jpg,3
frame5519.jpg,3
frame5521.jpg,3
frame5522.jpg,3
frame5523.jpg,3
frame5525.jpg,3
frame5526.jpg,3
frame5527.jpg,3
frame5529.jpg,3
frame5530.jpg,3
frame5531.jpg,3
frame5533.jpg,3
frame5534.jpg,3
frame5535.jpg,3
frame5537.jpg,3
frame5538.jpg,3
frame5539.jpg,3
frame5541.jpg,3
frame5542.jpg,3
frame5543.jpg,3
frame5545.jpg,3
frame5546.jpg,3
frame5547.jpg,3
frame5549.jpg,3
frame5550.jpg,3
frame5551.jpg,3
frame5553.jpg,3
frame5554.jpg,3
frame5555.jpg,3
frame5557.jpg,3
frame5558.jpg,3
frame5559.jpg,3
frame5561.jpg,3
frame5562.jpg,3
frame5563.jpg,3
frame5565.jpg,3
frame5566.jpg,3
frame5567.jpg,3
frame5569.jpg,3
frame5570.jpg,3
frame5571.jpg,3
frame5573.jpg,3
frame5574.jpg,3
frame5575.jpg,3
frame5577.jpg,1
frame5578.jpg,3
frame5579.jpg,3
frame5581.jpg,3
frame5582.jpg,3
frame5583.jpg,3
frame5585.jpg,3
frame5586.jpg,3
frame5587.jpg,3
frame5589.jpg,3
frame5590.jpg,3
frame5591.jpg,3
frame5593.jpg,5
frame5594.jpg,4
frame5595.jpg,4
frame5597.jpg,3
frame5598.jpg,3
frame5599.jpg,3
frame5601.jpg,3
frame5602.jpg,3
frame5603.jpg,3
frame5605.jpg,3
frame5606.jpg,3
frame5607.jpg,3
frame5609.jpg,3
frame5610.jpg,3
frame5611.jpg,3
frame5613.jpg,3
frame5614.jpg,3
frame5615.jpg,3
frame5617.jpg,3
frame5618.jpg,3
frame5619.jpg,3
frame5621.jpg,3
frame5622.jpg,3
frame5623.jpg,3
frame5625.jpg,2
frame5626.jpg,1
frame5627.jpg,2
frame5629.jpg,3
frame5630.jpg,3
frame5631.jpg,3
frame5633.jpg,3
frame5634.jpg,3
frame5635.jpg,3
frame5637.jpg,3
frame5638.jpg,3
frame5639.jpg,3
frame5641.jpg,3
frame5642.jpg,3
frame5643.jpg,3
frame5645.jpg,3
frame5646.jpg,3
frame5647.jpg,3
frame5649.jpg,3
frame5650.jpg,3
frame5651.jpg,3
frame5653.jpg,3
frame5654.jpg,3
frame5655.jpg,3
frame5657.jpg,3
frame5658.jpg,3
frame5659.jpg,3
frame5661.jpg,2
frame5662.jpg,1
frame5663.jpg,3
frame5665.jpg,3
frame5666.jpg,3
frame5667.jpg,3
frame5669.jpg,2
frame5670.jpg,1
frame5671.jpg,3
frame5673.jpg,3
frame5674.jpg,3
frame5675.jpg,1
frame5677.jpg,1
frame5678.jpg,3
frame5679.jpg,3
frame5681.jpg,3
frame5682.jpg,3
frame5683.jpg,3
frame5685.jpg,3
frame5686.jpg,3
frame5687.jpg,3
frame5689.jpg,5
frame5690.jpg,3
frame5691.jpg,3
frame5693.jpg,3
frame5694.jpg,3
frame5695.jpg,3
frame5697.jpg,3
frame5698.jpg,3
frame5699.jpg,3
frame5701.jpg,3
frame5702.jpg,3
frame5703.jpg,3
frame5705.jpg,3
frame5706.jpg,3
frame5707.jpg,3
frame5709.jpg,3
frame5710.jpg,3
frame5711.jpg,3
frame5713.jpg,3
frame5714.jpg,3
frame5715.jpg,3
frame5717.jpg,3
frame5718.jpg,3
frame5719.jpg,3
frame5721.jpg,3
frame5722.jpg,5
frame5723.jpg,5
frame5725.jpg,3
frame5726.jpg,3
frame5727.jpg,3
frame5729.jpg,3
frame5730.jpg,4
frame5731.jpg,5
frame5733.jpg,5
frame5734.jpg,4
frame5735.jpg,3
frame5737.jpg,3
frame5738.jpg,3
frame5739.jpg,3
frame5741.jpg,3
frame5742.jpg,4
frame5743.jpg,5
frame5745.jpg,4
frame5746.jpg,3
frame5747.jpg,3
frame5749.jpg,3
frame5750.jpg,5
frame5751.jpg,4
frame5753.jpg,3
frame5754.jpg,3
frame5755.jpg,3
frame5757.jpg,3
frame5758.jpg,3
frame5759.jpg,3
frame5761.jpg,3
frame5762.jpg,3
frame5763.jpg,3
frame5765.jpg,3
frame5766.jpg,3
frame5767.jpg,3
frame5769.jpg,3
frame5770.jpg,3
frame5771.jpg,3
frame5773.jpg,3
frame5774.jpg,3
frame5775.jpg,3
frame5777.jpg,3
frame5778.jpg,3
frame5779.jpg,3
frame5781.jpg,3
frame5782.jpg,3
frame5783.jpg,3
frame5785.jpg,3
frame5786.jpg,3
frame5787.jpg,3
frame5789.jpg,3
frame5790.jpg,3
frame5791.jpg,3
frame5793.jpg,3
frame5794.jpg,3
frame5795.jpg,3
frame5797.jpg,3
frame5798.jpg,2
frame5799.jpg,1
frame5801.jpg,2
frame5802.jpg,3
frame5803.jpg,3
frame5805.jpg,3
frame5806.jpg,3
frame5807.jpg,3
frame5809.jpg,3
frame5810.jpg,3
frame5811.jpg,3
frame5813.jpg,3
frame5814.jpg,3
frame5815.jpg,3
frame5817.jpg,3
frame5818.jpg,1
frame5819.jpg,2
frame5821.jpg,3
frame5822.jpg,3
frame5823.jpg,3
frame5825.jpg,3
frame5826.jpg,3
frame5827.jpg,3
frame5829.jpg,1
frame5830.jpg,2
frame5831.jpg,3
frame5833.jpg,3
frame5834.jpg,3
frame5835.jpg,3
frame5837.jpg,1
frame5838.jpg,1
frame5839.jpg,3
frame5841.jpg,3
frame5842.jpg,3
frame5843.jpg,3
frame5845.jpg,2
frame5846.jpg,1
frame5847.jpg,1
frame5849.jpg,1
frame5850.jpg,3
frame5851.jpg,1
frame5853.jpg,1
frame5854.jpg,2
frame5855.jpg,3
frame5857.jpg,3
frame5858.jpg,3
frame5859.jpg,3
frame5861.jpg,3
frame5862.jpg,3
frame5863.jpg,3
frame5865.jpg,3
frame5866.jpg,3
frame5867.jpg,3
frame5869.jpg,3
frame5870.jpg,2
frame5871.jpg,1
frame5873.jpg,2
frame5874.jpg,3
frame5875.jpg,3
frame5877.jpg,3
frame5878.jpg,3
frame5879.jpg,3
frame5881.jpg,2
frame5882.jpg,2
frame5883.jpg,1
frame5885.jpg,3
frame5886.jpg,3
frame5887.jpg,3
frame5889.jpg,3
frame5890.jpg,3
frame5891.jpg,3
frame5893.jpg,2
frame5894.jpg,2
frame5895.jpg,3
frame5897.jpg,3
frame5898.jpg,3
frame5899.jpg,3
frame5901.jpg,3
frame5902.jpg,2
frame5903.jpg,1
frame5905.jpg,2
frame5906.jpg,3
frame5907.jpg,3
frame5909.jpg,3
frame5910.jpg,3
frame5911.jpg,2
frame5913.jpg,1
frame5914.jpg,1
frame5915.jpg,2
frame5917.jpg,3
frame5918.jpg,3
frame5919.jpg,3
frame5921.jpg,3
frame5922.jpg,3
frame5923.jpg,3
frame5925.jpg,3
frame5926.jpg,3
frame5927.jpg,3
frame5929.jpg,3
frame5930.jpg,3
frame5931.jpg,3
frame5933.jpg,3
frame5934.jpg,3
frame5935.jpg,3
frame5937.jpg,3
frame5938.jpg,1
frame5939.jpg,2
frame5941.jpg,3
frame5942.jpg,3
frame5943.jpg,3
frame5945.jpg,3
frame5946.jpg,3
frame5947.jpg,3
frame5949.jpg,3
frame5950.jpg,3
frame5951.jpg,3
frame5953.jpg,3
frame5954.jpg,3
frame5955.jpg,3
frame5957.jpg,2
frame5958.jpg,2
frame5959.jpg,3
frame5961.jpg,3
frame5962.jpg,3
frame5963.jpg,3
frame5965.jpg,2
frame5966.jpg,1
frame5967.jpg,1
frame5969.jpg,3
frame5970.jpg,3
frame5971.jpg,3
frame5973.jpg,3
frame5974.jpg,1
frame5975.jpg,2
frame5977.jpg,3
frame5978.jpg,3
frame5979.jpg,3
frame5981.jpg,3
frame5982.jpg,3
frame5983.jpg,3
frame5985.jpg,1
frame5986.jpg,1
frame5987.jpg,2
frame5989.jpg,3
frame5990.jpg,3
frame5991.jpg,3
frame5993.jpg,3
frame5994.jpg,3
frame5995.jpg,3
frame5997.jpg,1
frame5998.jpg,1
frame5999.jpg,2
frame6001.jpg,3
frame6002.jpg,3
frame6003.jpg,3
frame6005.jpg,2
frame6006.jpg,1
frame6007.jpg,2
frame6009.jpg,3
frame6010.jpg,3
frame6011.jpg,3
frame6013.jpg,2
frame6014.jpg,3
frame6015.jpg,3
frame6017.jpg,3
frame6018.jpg,3
frame6019.jpg,3
frame6021.jpg,3
frame6022.jpg,3
frame6023.jpg,3
frame6025.jpg,3
frame6026.jpg,3
frame6027.jpg,3
frame6029.jpg,3
frame6030.jpg,3
frame6031.jpg,3
frame6033.jpg,3
frame6034.jpg,3
frame6035.jpg,3
frame6037.jpg,3
frame6038.jpg,3
frame6039.jpg,3
frame6041.jpg,3
frame6042.jpg,3
frame6043.jpg,3
frame6045.jpg,3
frame6046.jpg,3
frame6047.jpg,3
frame6049.jpg,3
frame6050.jpg,3
frame6051.jpg,3
frame6053.jpg,4
frame6054.jpg,3
frame6055.jpg,3
frame6057.jpg,3
frame6058.jpg,3
frame6059.jpg,4
frame6061.jpg,5
frame6062.jpg,6
frame6063.jpg,5
frame6065.jpg,4
frame6066.jpg,3
frame6067.jpg,3
frame6069.jpg,3
frame6070.jpg,3
frame6071.jpg,3
frame6073.jpg,3
frame6074.jpg,3
frame6075.jpg,3
frame6077.jpg,3
frame6078.jpg,4
frame6079.jpg,5
frame6081.jpg,5
frame6082.jpg,4
frame6083.jpg,3
frame6085.jpg,3
frame6086.jpg,3
frame6087.jpg,3
frame6089.jpg,3
frame6090.jpg,3
frame6091.jpg,3
frame6093.jpg,3
frame6094.jpg,3
frame6095.jpg,3
frame6097.jpg,3
frame6098.jpg,4
frame6099.jpg,5
frame6101.jpg,4
frame6102.jpg,3
frame6103.jpg,3
frame6105.jpg,3
frame6106.jpg,3
frame6107.jpg,3
frame6109.jpg,3
frame6110.jpg,2
frame6111.jpg,1
frame6113.jpg,3
frame6114.jpg,3
frame6115.jpg,3
frame6117.jpg,3
frame6118.jpg,3
frame6119.jpg,3
frame6121.jpg,3
frame6122.jpg,3
frame6123.jpg,3
frame6125.jpg,3
frame6126.jpg,3
frame6127.jpg,3
frame6129.jpg,3
frame6130.jpg,3
frame6131.jpg,3
frame6133.jpg,3
frame6134.jpg,3
frame6135.jpg,3
frame6137.jpg,3
frame6138.jpg,3
frame6139.jpg,3
frame6141.jpg,3
frame6142.jpg,3
frame6143.jpg,3
